problem,method,instances,iteration,residual_q1,residual_median,residual_q3,core_time_q1_s,core_time_median_s,core_time_q3_s
column_block,one-cut,20,500,8.793110096062775e-16,1.0190410462352687e-15,1.2958663569583998e-15,1.4678996499460482,1.5051010499737458,1.525435525110879
column_block,recent,20,500,9.26467383188891e-16,1.0874572158353598e-15,1.5528569984403864e-15,4.593904674960868,4.712374050042854,4.776015575005658
column_block,violated,20,500,8.110750390580992e-16,1.0306005729378647e-15,1.2740036872658388e-15,4.494879350033443,4.617086150028626,4.65968817502835
column_block,angle,20,500,8.551034936577635e-16,9.796304560317575e-16,1.2988122758506674e-15,4.535150949870513,4.5675722998676065,4.617354175057699
column_block,adaptive,20,500,8.169736355691558e-16,1.1487372328346385e-15,1.3343245097735119e-15,1.5719508249676437,1.6094304999533051,1.6639718750120664
binary_digits,one-cut,20,500,2.3575965968601702e-17,3.5855001164797986e-17,7.644895185506248e-17,4.429725124973629,4.631424299957871,4.837224474951654
binary_digits,recent,20,500,0.0,0.0,0.0,0.5819982249922759,0.7091776499764819,0.8150271999875258
binary_digits,violated,20,500,0.0,0.0,0.0,0.8426245999908133,1.0298911000027147,1.0676087250176352
binary_digits,angle,20,500,0.0,0.0,0.0,0.7096119500165514,0.8274549999950978,0.8745718749960361
binary_digits,adaptive,20,500,2.404366561092226e-19,1.599651329960534e-18,5.3084838331812e-18,2.4568451000777713,3.5194766499553225,4.265273974970114
