seed,rule,final_energy,runtime,mean_inner,budget_violations,max_certificate_ratio
0,fixed,0.0020353757753276977,0.04177560005337,0.875,69,118.52440828936268
0,certified,9.984113915637394e-06,0.05005389987491071,1.7875,0,0.6206175902277907
0,accurate,4.7591725464980426e-09,0.05061300005763769,3.9375,0,0.01704943296452783
1,fixed,0.0024782356088628075,0.03999700001440942,0.75,72,131.28894257218158
1,certified,1.1805760482423782e-06,0.06423289980739355,2.4125,0,0.9952933093009015
1,accurate,1.3536010775807612e-08,0.05082620005123317,3.925,0,0.018942389113368333
2,fixed,0.0014430616723033066,0.03738669981248677,0.85,67,64.02830471622438
2,certified,4.5237981461850475e-06,0.04935700003989041,1.9375,0,0.8282749763073044
2,accurate,7.635355320740637e-09,0.051449399907141924,5.65,0,0.02710107899167003
3,fixed,0.0017397387982779609,0.040834200102835894,0.875,68,93.39610209211203
3,certified,8.378609873537814e-07,0.0486498000100255,2.0625,0,0.9862969122179122
3,accurate,2.4191055885258226e-09,0.04641290009021759,3.8375,0,0.011382571808491672
4,fixed,0.004373973276040326,0.03863149997778237,0.925,67,212.72627411115613
4,certified,1.4127147072819505e-06,0.05262670014053583,2.4625,0,0.9960108963222462
4,accurate,1.3099552694780793e-08,0.04870030004531145,3.775,0,0.0256678848429584
5,fixed,0.0008538886194009175,0.04050099989399314,0.8875,66,54.67099309221911
5,certified,5.726130107650435e-06,0.045521900057792664,1.8,0,0.9029825967094127
5,accurate,3.546339621926443e-09,0.04816549993120134,3.85,0,0.0178267942511171
6,fixed,0.004137384025508976,0.036882299929857254,0.875,67,214.41772876792132
6,certified,9.270727006606745e-07,0.053255399921908975,2.3125,0,0.9960951233335477
6,accurate,1.7236969380258472e-09,0.047857699915766716,4.3625,0,0.04825191906470774
7,fixed,0.0017153591465521962,0.04024250013753772,0.7625,69,115.42714492126761
7,certified,9.554350640429893e-08,0.050693499855697155,1.975,0,0.995943156895759
7,accurate,5.331297566831591e-09,0.04861869988963008,3.6375,0,0.01883870016326858
8,fixed,0.0020305158095639095,0.03870230005122721,0.775,71,77.63393776959231
8,certified,6.6721364835467305e-06,0.045840500155463815,1.7125,0,0.9218175136886663
8,accurate,4.842378036687728e-09,0.047933900030329823,3.7875,0,0.009818669624180171
9,fixed,0.0010525634467536712,0.04353610007092357,0.6375,74,82.61794242354394
9,certified,5.241969979072917e-06,0.04545789980329573,1.4875,0,0.9662496045598588
9,accurate,3.764611879664084e-09,0.07630680012516677,3.575,0,0.010825990283275392
10,fixed,0.001995159745704572,0.03806329984217882,0.6125,70,137.2100729118045
10,certified,6.324478670468467e-07,0.05392169998958707,1.925,0,0.995499622077033
10,accurate,6.198586286828725e-09,0.05021020001731813,3.575,0,0.018186903103804778
11,fixed,0.000812247256218858,0.04205700010061264,0.825,69,43.93360248048292
11,certified,4.05221497733753e-06,0.04397460003383458,1.65,0,0.7884947973001607
11,accurate,3.1508587675742347e-09,0.04733450012281537,3.6875,0,0.00738276079432553
12,fixed,0.0007227684073702788,0.04192540002986789,0.8625,67,35.93702042166561
12,certified,1.3603536519087894e-05,0.04902520007453859,1.55,0,0.9869841935909575
12,accurate,5.127638733708564e-10,0.055915300035849214,5.4125,0,0.012579078191031321
13,fixed,0.0013332502558159125,0.0394401999656111,0.825,71,87.13858890722157
13,certified,3.0940335225422724e-06,0.05043269996531308,1.9,0,0.8972216454137478
13,accurate,4.813830569782139e-09,0.0631417001131922,4.2875,0,0.02832251520816177
14,fixed,0.0021029525096773576,0.06483760010451078,0.6875,71,118.2156728627351
14,certified,9.317995919728255e-07,0.08569510001689196,1.9625,0,0.9892176932495587
14,accurate,4.019923294073325e-09,0.05939979990944266,3.6375,0,0.012714025144944711
15,fixed,0.0019798595578133754,0.04046229994855821,0.95,68,85.49875157221253
15,certified,2.656697494658894e-05,0.05629410012625158,2.0375,0,0.8884388406161007
15,accurate,1.4713009683227127e-08,0.050676099956035614,5.2,0,0.023570902363399468
16,fixed,0.002218443178295027,0.043352599954232574,0.95,66,77.60851060717727
16,certified,3.145700910050555e-06,0.05318629997782409,2.175,0,0.9169331048207243
16,accurate,8.372855651125511e-09,0.05251690000295639,4.525,0,0.013709685121212978
17,fixed,0.001473559133754395,0.042416400043293834,0.9,65,41.45744595829418
17,certified,1.2243816155056569e-05,0.04519760003313422,1.85,0,0.7921566446048618
17,accurate,3.5706999698989596e-09,0.052280099829658866,5.35,0,0.017438467689938064
18,fixed,0.0008805431762550057,0.037550700129941106,1.025,63,35.38362018436586
18,certified,5.245969877522618e-06,0.04487779992632568,2.0125,0,0.9865873196799564
18,accurate,3.764093548745385e-09,0.0470941998064518,3.975,0,0.017985803484911696
19,fixed,0.0016083833967294062,0.03729059989564121,0.7625,68,78.63244979220794
19,certified,3.520153420780243e-05,0.042571900179609656,1.575,0,0.906810548170843
19,accurate,4.0051108438964416e-08,0.047703800024464726,3.6875,0,0.012786010828528404
