seed,method,final_energy,factor,r_squared,factor_ref10,max_reference_relative_change,min_raw_direct,max_direct_vs_stable_relative,actual_max_pgn,requested_tol
0,one-cut,5.567769557567868e-09,0.822478460169327,0.999957388761312,0.822478460169327,0.0,3.410637779022326e-08,2.031710335627665e-08,8.881784197001252e-16,1e-12
0,recent,3.022553301766523e-09,0.8086804233905112,0.9999805892938209,0.8086804233905112,0.0,1.8515197128189838e-08,6.989123295311229e-08,9.53035437206867e-13,1e-12
0,violated,4.099046666994996e-09,0.8164759583036167,0.9999242391783992,0.8164759583036167,0.0,2.5109450591819546e-08,1.8714778995180195e-08,6.419055159612532e-13,1e-12
0,angle,4.099046666994996e-09,0.8164759583036167,0.9999242391783992,0.8164759583036167,0.0,2.5109450591819546e-08,1.8714778995180195e-08,6.419055159612532e-13,1e-12
0,adaptive,5.567769557567868e-09,0.822478460169327,0.999957388761312,0.822478460169327,0.0,3.410637779022326e-08,2.031710335627665e-08,8.881784197001252e-16,1e-12
1,one-cut,9.03304002141812e-09,0.8240045960036648,0.9999056630249841,0.8240045960036648,0.0,1.8235406970337222e-08,9.507532859710578e-09,2.220446049250313e-16,1e-12
1,recent,3.699224914157144e-09,0.8025709782779163,0.9997897613333908,0.8025709782779163,0.0,7.467792605258812e-09,2.5862963402469187e-08,9.960941349225341e-13,1e-12
1,violated,6.025360807509867e-09,0.8130333787766401,0.9997513569176107,0.8130333787766401,0.0,1.2163668686784044e-08,2.8523978549899015e-08,7.21529258180281e-13,1e-12
1,angle,4.8667957838144404e-09,0.8093813606449782,0.9997964266369149,0.8093813606449782,0.0,9.824821222965789e-09,2.5849813402235327e-08,7.996227472949994e-13,1e-12
1,adaptive,9.03304002141812e-09,0.8240045960036648,0.9999056630249841,0.8240045960036648,0.0,1.8235406970337222e-08,9.507532859710578e-09,2.220446049250313e-16,1e-12
2,one-cut,2.381803260728421e-09,0.8128721342591934,0.9999510845938605,0.8128721342591934,0.0,1.065478460432587e-08,1.1899015527320185e-07,4.440892098500626e-16,1e-12
2,recent,2.3818032607356632e-09,0.81287213425934,0.9999510845938764,0.81287213425934,0.0,1.0654785050454735e-08,7.712197759404536e-08,6.661338147750939e-16,1e-12
2,violated,2.3818032607340453e-09,0.8128721342592539,0.9999510845938596,0.8128721342592539,0.0,1.0654785290991763e-08,5.454580673129178e-08,4.440892098500626e-16,1e-12
2,angle,2.3818032607378515e-09,0.8128721342592506,0.9999510845938604,0.8128721342592506,0.0,1.0654785698841515e-08,3.4697979786272317e-08,4.440892098500626e-16,1e-12
2,adaptive,2.381803260728421e-09,0.8128721342591934,0.9999510845938605,0.8128721342591934,0.0,1.065478460432587e-08,1.1899015527320185e-07,4.440892098500626e-16,1e-12
3,one-cut,8.850280688832666e-08,0.8651621108951761,0.9999675957581384,0.8651621108951761,0.0,3.217474877409334e-07,2.5547112161178613e-09,3.9879211044535623e-13,1e-12
3,recent,1.5362557247808023e-08,0.8241187719441809,0.999907971123559,0.8241187719441809,0.0,5.5849801808903845e-08,7.508566525570415e-09,9.918136006368558e-13,1e-12
3,violated,3.3069421194741916e-08,0.8374275161831248,0.999479025062539,0.8374275161831248,0.0,1.2022221116090865e-07,2.3694847532796332e-09,8.141331339449561e-13,1e-12
3,angle,3.263138043612587e-08,0.84109062001213,0.999652460126685,0.84109062001213,0.0,1.1862973719736693e-07,6.8931323709287995e-09,9.82605824449203e-13,1e-12
3,adaptive,5.530737145774262e-08,0.858143043933129,0.9970439252736226,0.858143043933129,0.0,2.010671574600336e-07,2.9467822924980446e-09,3.9879211044535623e-13,1e-12
4,one-cut,2.3131114360591543e-09,0.8091803941138528,0.9999586716636344,0.8091803941138528,0.0,7.36217263086307e-09,1.90911880485815e-08,5.551115123125783e-17,1e-12
4,recent,2.3131114360601465e-09,0.8091803941138925,0.9999586716636333,0.8091803941138925,0.0,7.362172344179687e-09,2.986514560171888e-08,4.440892098500626e-16,1e-12
4,violated,2.313111436055042e-09,0.8091803941138541,0.9999586716636347,0.8091803941138541,0.0,7.362172358260763e-09,2.7950313842715345e-08,5.551115123125783e-17,1e-12
4,angle,2.3131114360679948e-09,0.8091803941139575,0.9999586716636317,0.8091803941139575,0.0,7.362172679584405e-09,1.625733135895939e-08,5.551115123125783e-17,1e-12
4,adaptive,2.3131114360591543e-09,0.8091803941138528,0.9999586716636344,0.8091803941138528,0.0,7.36217263086307e-09,1.90911880485815e-08,5.551115123125783e-17,1e-12
5,one-cut,2.1473633372993676e-11,0.7394042333547465,0.9985975206073415,0.7394042333547465,0.0,7.375362981747093e-11,3.6592037077742106e-06,1.2212453270876722e-14,1e-12
5,recent,2.147363337420681e-11,0.7394042333553096,0.9985975206069849,0.7394042333553096,0.0,7.375337803608033e-11,2.9388608876474394e-06,8.881784197001252e-16,1e-12
5,violated,2.147363337254011e-11,0.7394042333536764,0.9985975206073752,0.7394042333536764,0.0,7.375368668556895e-11,1.4428505598435435e-06,8.881784197001252e-16,1e-12
5,angle,2.1473634101660273e-11,0.7394042338737482,0.9985975206298192,0.7394042338737482,0.0,7.375340604407176e-11,2.971564044496063e-06,8.458234113106755e-13,1e-12
5,adaptive,2.1473633372993676e-11,0.7394042333547465,0.9985975206073415,0.7394042333547465,0.0,7.375362981747093e-11,3.6592037077742106e-06,1.2212453270876722e-14,1e-12
6,one-cut,6.266396288833254e-09,0.8128767052878038,0.9963092874473451,0.8128767052878038,0.0,2.269726006935127e-08,1.272662360170636e-08,8.881784197001252e-16,1e-12
6,recent,6.266580795560285e-09,0.8128768638363414,0.9963091982479957,0.8128768638363414,0.0,2.2697928307765093e-08,1.519052815082229e-08,6.359912596565209e-13,1e-12
6,violated,6.2663962887996555e-09,0.8128767052876467,0.996309287447279,0.8128767052876467,0.0,2.269726029425546e-08,9.685290819158986e-09,8.881784197001252e-16,1e-12
6,angle,6.2663962887807296e-09,0.8128767052875805,0.9963092874472813,0.8128767052875805,0.0,2.2697260395899413e-08,1.0081295032749157e-08,8.881784197001252e-16,1e-12
6,adaptive,6.266396288833254e-09,0.8128767052878038,0.9963092874473451,0.8128767052878038,0.0,2.269726006935127e-08,1.272662360170636e-08,8.881784197001252e-16,1e-12
7,one-cut,5.035857973496312e-09,0.8188596726682172,0.9999925126870971,0.8188596726682172,0.0,1.5195524857066628e-08,1.4416430378779522e-08,1.1191048088221578e-13,1e-12
7,recent,4.286441686793541e-09,0.8151107717861846,0.9999978017704526,0.8151107717861846,0.0,1.2934187505427887e-08,6.864801087202697e-09,9.880465257524854e-13,1e-12
7,violated,4.5816607769888705e-09,0.8168681687790665,0.9999922801107396,0.8168681687790665,0.0,1.3825000671796898e-08,2.32252400993298e-08,8.649036992092634e-13,1e-12
7,angle,4.711858575913314e-09,0.8175466594118519,0.9999904249663378,0.8175466594118519,0.0,1.4217868110112403e-08,2.392910472550895e-08,9.97701921079397e-13,1e-12
7,adaptive,5.035857973496312e-09,0.8188596726682172,0.9999925126870971,0.8188596726682172,0.0,1.5195524857066628e-08,1.4416430378779522e-08,1.1191048088221578e-13,1e-12
8,one-cut,5.957634885951304e-09,0.8167207365382589,0.9986979178443869,0.8167207365382589,0.0,2.5082296842748788e-08,2.8960214799544725e-08,2.4424906541753444e-14,1e-12
8,recent,5.957634885946847e-09,0.8167207365382806,0.9986979178443989,0.8167207365382806,0.0,2.5082296178281934e-08,5.545093352358065e-08,8.881784197001252e-16,1e-12
8,violated,5.957634885958561e-09,0.816720736538284,0.9986979178443829,0.816720736538284,0.0,2.508229660975374e-08,3.825065549773865e-08,2.4424906541753444e-14,1e-12
8,angle,5.957634885945543e-09,0.8167207365382451,0.9986979178443939,0.8167207365382451,0.0,2.5082296386692697e-08,4.714163663927754e-08,2.4424906541753444e-14,1e-12
8,adaptive,5.957634885951304e-09,0.8167207365382589,0.9986979178443869,0.8167207365382589,0.0,2.5082296842748788e-08,2.8960214799544725e-08,2.4424906541753444e-14,1e-12
9,one-cut,6.3628081541806044e-09,0.8580977498277986,0.9993752440976202,0.8580977498277986,0.0,1.8761558590317832e-08,6.694816296033044e-09,4.440892098500626e-16,1e-12
9,recent,4.075145782704652e-10,0.7964503043628101,0.9999247237208121,0.7964503043628101,0.0,1.2016089337881732e-09,1.9173614921426985e-07,9.944072855665995e-13,1e-12
9,violated,1.2558379111588505e-09,0.8229802737854008,0.9988748484949327,0.8229802737854008,0.0,3.702999761738463e-09,4.355597340854548e-08,9.971655103732792e-13,1e-12
9,angle,1.3462552490371353e-09,0.8208467120653647,0.9991391606115534,0.8208467120653647,0.0,3.969606614829402e-09,4.885210542206628e-08,9.958896771239552e-13,1e-12
9,adaptive,8.545464143282603e-10,0.8059052742147644,0.9967966933545214,0.8059052742147644,0.0,2.519740454889312e-09,1.6180969275898163e-07,1.3306055372125427e-13,1e-12
10,one-cut,1.5967889358974005e-09,0.8020272923558226,0.999955397516894,0.8020272923558226,0.0,4.203503870481783e-09,3.7349585534165066e-08,3.5793590313915047e-13,1e-12
10,recent,1.596788935902523e-09,0.8020272923558835,0.9999553975168922,0.8020272923558835,0.0,4.203503622639943e-09,9.631356500216276e-08,3.5793590313915047e-13,1e-12
10,violated,1.5967889358957474e-09,0.8020272923558102,0.9999553975168964,0.8020272923558102,0.0,4.203503755641056e-09,6.466878744933642e-08,3.5793590313915047e-13,1e-12
10,angle,1.5967889358959602e-09,0.8020272923558155,0.999955397516896,0.8020272923558155,0.0,4.20350373593907e-09,6.935595950614703e-08,3.5793590313915047e-13,1e-12
10,adaptive,1.5967889358974005e-09,0.8020272923558226,0.999955397516894,0.8020272923558226,0.0,4.203503870481783e-09,3.7349585534165066e-08,3.5793590313915047e-13,1e-12
11,one-cut,1.4900826482828648e-09,0.7731938946110346,0.9998946280865119,0.7731938946110346,0.0,3.82646728110678e-09,3.172591200188813e-08,1.1102230246251565e-15,1e-12
11,recent,1.490082648090621e-09,0.7731938946096207,0.9998946280865916,0.7731938946096207,0.0,3.826467288248962e-09,5.7531578847966986e-08,8.881784197001252e-16,1e-12
11,violated,1.4900826482816188e-09,0.7731938946109722,0.9998946280865139,0.7731938946109722,0.0,3.82646745566333e-09,3.934275653509874e-08,1.1102230246251565e-15,1e-12
11,angle,1.4900826482900767e-09,0.7731938946111051,0.9998946280865085,0.7731938946111051,0.0,3.826467100316068e-09,5.3528540479375055e-08,1.0547118733938987e-15,1e-12
11,adaptive,1.4900826482828648e-09,0.7731938946110346,0.9998946280865119,0.7731938946110346,0.0,3.82646728110678e-09,3.172591200188813e-08,1.1102230246251565e-15,1e-12
12,one-cut,2.0031392263518249e-10,0.7774595940737967,0.999791600436488,0.7774595940737967,0.0,9.811996293079535e-10,9.061543922335564e-07,1.7763568394002505e-15,1e-12
12,recent,2.0031598883203355e-10,0.7774597761345406,0.9997915864405381,0.7774597761345406,0.0,9.812094988799507e-10,4.678314542750103e-07,9.865441796819141e-13,1e-12
12,violated,2.0031392264110998e-10,0.7774595940740485,0.9997916004364464,0.7774595940740485,0.0,9.811991463009678e-10,8.234897354430271e-07,3.552713678800501e-15,1e-12
12,angle,2.003139226366282e-10,0.7774595940739062,0.9997916004364795,0.7774595940739062,0.0,9.811985339791562e-10,1.244965311252844e-06,3.552713678800501e-15,1e-12
12,adaptive,2.0031392263518249e-10,0.7774595940737967,0.999791600436488,0.7774595940737967,0.0,9.811996293079535e-10,9.061543922335564e-07,1.7763568394002505e-15,1e-12
13,one-cut,7.942554090053175e-11,0.779881339901636,0.9994243949017858,0.779881339901636,0.0,1.4336290967227078e-10,6.936310262300025e-07,2.220446049250313e-16,1e-12
13,recent,7.507820902397157e-11,0.7791443418121767,0.9995315289417639,0.7791443418121767,0.0,1.355160371501106e-10,1.4966515100359126e-06,8.627340928281717e-13,1e-12
13,violated,7.521960260868186e-11,0.7791856772093366,0.9995271241921901,0.7791856772093366,0.0,1.3577098183120795e-10,1.3866165746846552e-06,7.028266857389553e-13,1e-12
13,angle,7.521981474419603e-11,0.7791857723640785,0.9995271175322927,0.7791857723640785,0.0,1.3577136787346169e-10,1.3634984681530153e-06,7.027156634364928e-13,1e-12
13,adaptive,7.942554090053175e-11,0.779881339901636,0.9994243949017858,0.779881339901636,0.0,1.4336290967227078e-10,6.936310262300025e-07,2.220446049250313e-16,1e-12
14,one-cut,2.221057072185126e-10,0.7855587542698214,0.9999971130562754,0.7855587542698214,0.0,9.647024157395862e-10,9.409411509600108e-07,1.8385293287792592e-13,1e-12
14,recent,2.2210570721743728e-10,0.7855587542699224,0.9999971130562763,0.7855587542699224,0.0,9.647035230589819e-10,2.068978160373167e-07,1.8385293287792592e-13,1e-12
14,violated,2.2210570721923477e-10,0.7855587542699831,0.9999971130562749,0.7855587542699831,0.0,9.647033394036042e-10,1.1374262259449426e-07,1.8385293287792592e-13,1e-12
14,angle,2.2222308337206197e-10,0.7855627733646371,0.9999970233661678,0.7855627733646371,0.0,9.65213077329437e-10,1.8145466795399215e-07,8.33000335376255e-13,1e-12
14,adaptive,2.221057072185126e-10,0.7855587542698214,0.9999971130562754,0.7855587542698214,0.0,9.647024157395862e-10,9.409411509600108e-07,1.8385293287792592e-13,1e-12
15,one-cut,2.093979560087805e-09,0.8103709263384666,0.9999446073220539,0.8103709263384666,0.0,1.7146141174706258e-08,1.2825327825066866e-07,8.881784197001252e-16,1e-12
15,recent,1.803447117164613e-09,0.8068637225602316,0.9999931773366817,0.8068637225602316,0.0,1.476717344338753e-08,1.4272794413057155e-07,9.882113243421374e-13,1e-12
15,violated,1.8911563548572347e-09,0.8081248922947296,0.9999847599236138,0.8081248922947296,0.0,1.5485363206540993e-08,1.3314375273438926e-07,9.691691893465304e-13,1e-12
15,angle,1.920886432058853e-09,0.808470262168499,0.9999767456195334,0.808470262168499,0.0,1.572880112801409e-08,1.1018569106491579e-07,5.763083627006568e-13,1e-12
15,adaptive,2.093979560087805e-09,0.8103709263384666,0.9999446073220539,0.8103709263384666,0.0,1.7146141174706258e-08,1.2825327825066866e-07,8.881784197001252e-16,1e-12
16,one-cut,1.6008673647811046e-08,0.8392109300352848,0.9999337085810196,0.8392109300352848,0.0,7.600435457078513e-08,5.2045801382345265e-09,2.3092638912203256e-14,1e-12
16,recent,8.86538758585334e-09,0.8243159203183535,0.999809995419167,0.8243159203183535,0.0,4.209018643935489e-08,1.2647200370857962e-08,9.926564440294167e-13,1e-12
16,violated,1.0468015034728931e-08,0.8268810623843186,0.9998604854051842,0.8268810623843186,0.0,4.969897908676786e-08,1.0402882167296489e-08,9.093281683192345e-13,1e-12
16,angle,1.0442736116577224e-08,0.8277981764621168,0.9998879945383359,0.8277981764621168,0.0,4.957896149692092e-08,7.92180830350213e-09,9.860794347273264e-13,1e-12
16,adaptive,1.6008673647811046e-08,0.8392109300352848,0.9999337085810196,0.8392109300352848,0.0,7.600435457078513e-08,5.2045801382345265e-09,2.3092638912203256e-14,1e-12
17,one-cut,7.833940260151314e-09,0.8288124333329555,0.9994880243626739,0.8288124333329555,0.0,3.510321977737954e-08,1.6351953893700616e-08,1.7763568394002505e-15,1e-12
17,recent,4.0558928096752394e-09,0.8125482953026221,0.9999707846795401,0.8125482953026221,0.0,1.8174110770918133e-08,1.9765533753568165e-08,9.994961071197597e-13,1e-12
17,violated,5.610171520700771e-09,0.8205515827520741,0.9998344546656146,0.8205515827520741,0.0,2.5138701532532656e-08,1.6746010167738943e-08,7.873154691950907e-13,1e-12
17,angle,5.563070413116498e-09,0.821527079040176,0.9996774694339351,0.821527079040176,0.0,2.492764529391173e-08,1.9159254253151666e-08,4.828949643360366e-13,1e-12
17,adaptive,7.833940260151314e-09,0.8288124333329555,0.9994880243626739,0.8288124333329555,0.0,3.510321977737954e-08,1.6351953893700616e-08,1.7763568394002505e-15,1e-12
18,one-cut,5.942536439644017e-09,0.8267705538756933,0.9997663571850592,0.8267705538756933,0.0,1.3528511933295353e-08,1.9255022895501218e-08,1.4432899320127035e-15,1e-12
18,recent,5.2259071227639915e-09,0.8248231749459554,0.9999300577728761,0.8248231749459554,0.0,1.189706593300138e-08,1.4797497088669568e-08,9.855449789597515e-13,1e-12
18,violated,5.688771621346379e-09,0.826379695969725,0.9998239575239712,0.826379695969725,0.0,1.2950802663848273e-08,2.2132687672091097e-08,3.9102054927298013e-13,1e-12
18,angle,5.439646344881712e-09,0.8257185456437383,0.9998800751045959,0.8257185456437383,0.0,1.2383655456063482e-08,4.1342640096768544e-08,9.199489455978433e-13,1e-12
18,adaptive,5.942536439644017e-09,0.8267705538756933,0.9997663571850592,0.8267705538756933,0.0,1.3528511933295353e-08,1.9255022895501218e-08,1.4432899320127035e-15,1e-12
19,one-cut,9.186171463265647e-09,0.8263297388372184,0.9999012836721662,0.8263297388372184,0.0,3.968524210610385e-08,9.462174012110483e-09,2.4980018054066022e-15,1e-12
19,recent,6.292038653027097e-09,0.8173871039222174,0.9997201240824203,0.8173871039222174,0.0,2.7182278846406792e-08,2.270019441515808e-08,9.577661266976105e-13,1e-12
19,violated,7.696504398263993e-09,0.8215298892252012,0.9998899669250884,0.8215298892252012,0.0,3.324972084257406e-08,1.1297691888745082e-08,8.595636215364337e-13,1e-12
19,angle,8.251186443424428e-09,0.8232484138174478,0.9998910525500782,0.8232484138174478,0.0,3.564600674467531e-08,8.23385177528225e-09,7.849276784099857e-13,1e-12
19,adaptive,9.186171463265647e-09,0.8263297388372184,0.9999012836721662,0.8263297388372184,0.0,3.968524210610385e-08,9.462174012110483e-09,2.4980018054066022e-15,1e-12
