seed,iteration,theta,lower
0,1,1.0,1.0
0,2,1.0,1.0
0,3,1.0,1.0
0,4,1.0,1.0
0,5,1.0,1.0
0,6,1.0,1.0
0,7,1.0,1.0
0,8,0.9999999999999873,1.0
0,9,0.9999999999999971,1.0
0,10,1.0,1.0
0,11,1.0,1.0
0,12,1.0,1.0
0,13,1.0000000000000342,1.0
0,14,1.0,1.0
0,15,1.0000000000000158,1.0
0,16,1.0,1.0
0,17,1.0,1.0
0,18,1.0000000000000004,1.0
0,19,1.0,1.0
0,20,1.0000000000000098,1.0
0,21,1.0,1.0
0,22,1.0,1.0
0,23,1.0,1.0
0,24,1.0000000000000218,1.0
0,25,1.0,1.0
0,26,1.0,1.0
0,27,1.0,1.0
0,28,1.0,1.0
0,29,1.0,1.0
0,30,1.0,1.0
0,31,1.0,1.0
0,32,1.000000000000028,1.0
0,33,1.0,1.0
0,34,1.0,1.0
0,35,0.9999999999998898,1.0
0,36,1.0,1.0
0,37,1.00050983405817,1.0001971519893234
0,38,1.000000000000026,1.0
0,39,1.0004927419760532,1.000185349043872
0,40,1.0008299763656165,1.000362015046355
0,41,1.0001721351372022,1.000064456984404
0,42,0.9999999999999678,1.0
0,43,0.9999999999998562,1.0
0,44,1.005782534926371,1.0025536544517435
0,45,1.0000714848364427,1.0000270212784448
0,46,1.0006512872027238,1.0002667500582187
0,47,1.0000000000002114,1.0
0,48,0.999999999999977,1.0
0,49,1.0114051703705427,1.0042634728380977
0,50,1.000000000000408,1.0
0,51,1.0,1.0
0,52,1.0,1.0
0,53,1.0000000000009341,1.0
0,54,1.0000000000001636,1.0
0,55,0.9999999999988399,1.0
1,1,1.0,1.0
1,2,1.0,1.0
1,3,1.0,1.0
1,4,1.0,1.0
1,5,0.9999999999999991,1.0
1,6,1.0,1.0
1,7,1.0,1.0
1,8,1.0,1.0
1,9,0.9999999999999938,1.0
1,10,1.0000000000000073,1.0
1,11,1.0,1.0
1,12,1.0,1.0
1,13,0.9999999999999933,1.0
1,14,1.0,1.0
1,15,1.0,1.0
1,16,1.0000000000000517,1.0
1,17,1.0,1.0
1,18,1.0,1.0
1,19,1.0,1.0
1,20,1.0,1.0
1,21,1.0,1.0
1,22,1.0,1.0
1,23,1.0,1.0
1,24,1.0000000000000049,1.0
1,25,1.0000000000000104,1.0
1,26,1.0,1.0
1,27,1.0000000000000027,1.0
1,28,1.0,1.0
1,29,1.0,1.0
1,30,1.0,1.0
1,31,1.0000000000000182,1.0
1,32,1.0,1.0
1,33,1.0,1.0
1,34,1.0,1.0
1,35,1.0,1.0
1,36,1.0,1.0
1,37,1.0000002658021514,1.0
1,38,0.9999999999998787,1.0
1,39,1.0031883155151071,1.0016039171319078
1,40,1.0005135112053951,1.000190784719361
1,41,1.0,1.0
1,42,1.0,1.0
1,43,0.999999999999971,1.0
1,44,1.0000000000001736,1.0
1,45,1.0,1.0
1,46,0.9999999999998782,1.0
1,47,0.9999999999999252,1.0
1,48,1.0120120615818613,1.0043647126329809
1,49,1.0,1.0
1,50,1.0000000000000806,1.0
1,51,0.9999999999999901,1.0
1,52,0.9999999999996422,1.0
1,53,1.0224726703502915,1.0114577393593358
1,54,1.0,1.0
1,55,1.0085899118041117,1.0036677325747507
2,1,1.0,1.0
2,2,1.0,1.0
2,3,1.0,1.0
2,4,0.9999999999999987,1.0
2,5,0.9999999999999998,1.0
2,6,1.0,1.0
2,7,1.0,1.0
2,8,0.9999999999999949,1.0
2,9,1.0,1.0
2,10,1.0,1.0
2,11,1.0000000000000149,1.0
2,12,1.0,1.0
2,13,0.9999999999999833,1.0
2,14,0.999999999999959,1.0
2,15,0.9999999999999684,1.0
2,16,1.0000000000000095,1.0
2,17,1.0,1.0
2,18,1.0,1.0
2,19,1.0,1.0
2,20,1.0,1.0
2,21,1.0,1.0
2,22,0.999999999999935,1.0
2,23,0.9999999999998986,1.0
2,24,0.9999999999999966,1.0
2,25,1.0,1.0
2,26,1.0,1.0
2,27,1.0,1.0
2,28,0.9999999999999797,1.0
2,29,1.0,1.0
2,30,0.9999999999999933,1.0
2,31,0.9999999999999707,1.0
2,32,0.999999999999963,1.0
2,33,1.0,1.0
2,34,1.0,1.0
2,35,1.0,1.0
2,36,1.0,1.0
2,37,0.9999999999991651,1.0
2,38,0.9999999999995868,1.0
2,39,0.9999999999993519,1.0
2,40,0.9999999999989042,1.0
2,41,0.999999999999492,1.0
2,42,0.99999999999947,1.0
2,43,0.9999999999987246,1.0
2,44,0.999999999999413,1.0
2,45,0.9999999999998116,1.0
2,46,1.0,1.0
2,47,1.0,1.0
2,48,1.0,1.0
2,49,1.0,1.0
2,50,1.0,1.0
2,51,1.0,1.0
2,52,0.999999999999926,1.0
2,53,1.0,1.0
2,54,0.9999999999960235,1.0
2,55,0.9999999999992679,1.0
3,1,1.0,1.0
3,2,0.9999999999999987,1.0
3,3,0.999999999999998,1.0
3,4,0.9999999999999974,1.0
3,5,1.0,1.0
3,6,1.0,1.0
3,7,1.0,1.0
3,8,0.9999999999999858,1.0
3,9,1.0000000000001672,1.0
3,10,0.9999999999999953,1.0
3,11,1.0,1.0
3,12,1.0,1.0
3,13,1.0,1.0
3,14,1.0,1.0
3,15,1.0,1.0
3,16,1.0,1.0
3,17,0.9999999999999329,1.0
3,18,0.9999999999999424,1.0
3,19,0.9999999999999283,1.0
3,20,1.0000000000000038,1.0
3,21,1.0,1.0
3,22,1.0,1.0
3,23,1.0,1.0
3,24,1.0,1.0
3,25,1.0,1.0
3,26,1.0,1.0
3,27,1.0,1.0
3,28,1.0,1.0
3,29,1.0,1.0
3,30,1.0,1.0
3,31,1.0,1.0
3,32,1.0,1.0
3,33,1.0,1.0
3,34,1.0,1.0
3,35,1.0,1.0
3,36,1.000000000000018,1.0
3,37,1.000000000000026,1.0
3,38,1.0000000000000708,1.0
3,39,1.0000000000000064,1.0
3,40,1.000000000000362,1.0
3,41,0.9999999999999938,1.0
3,42,1.0000000000000395,1.0
3,43,1.0000000000000795,1.0
3,44,0.9999999999998922,1.0
3,45,1.0726748085837952,1.0271114693298216
3,46,1.0000000000003193,1.0
3,47,1.0000000000003804,1.0
3,48,0.999999999999696,1.0
3,49,1.0947020304557138,1.0351296169362052
3,50,1.000000000000114,1.0
3,51,0.9999999999997276,1.0
3,52,1.1052775748568908,1.043940872605693
3,53,1.0000132878209533,1.00000398343317
3,54,1.0,1.0
3,55,1.0000000000003262,1.0
4,1,1.0,1.0
4,2,1.0,1.0
4,3,1.0,1.0
4,4,1.0,1.0
4,5,1.0,1.0
4,6,0.9999999999999994,1.0
4,7,1.000000000000005,1.0
4,8,1.0,1.0
4,9,1.0,1.0
4,10,0.9999999999999876,1.0
4,11,0.9999999999999833,1.0
4,12,0.9999999999999947,1.0
4,13,1.000000000000004,1.0
4,14,1.0,1.0
4,15,0.9999999999999996,1.0
4,16,1.0,1.0
4,17,0.9999999999999875,1.0
4,18,0.9999999999999597,1.0
4,19,1.0000000000001228,1.0
4,20,1.0,1.0
4,21,1.0,1.0
4,22,1.000000000000139,1.0
4,23,1.0,1.0
4,24,1.0,1.0
4,25,0.9999999999999881,1.0
4,26,1.0000000000000138,1.0
4,27,1.0,1.0
4,28,1.0000000000000704,1.0
4,29,1.0,1.0
4,30,1.0,1.0
4,31,1.0,1.0
4,32,1.0000000000000888,1.0
4,33,1.0,1.0
4,34,1.0,1.0
4,35,1.0,1.0
4,36,0.9999999999998703,1.0
4,37,1.0000000000000073,1.0
4,38,0.9999999999993634,1.0
4,39,0.9999999999998558,1.0
4,40,0.9999999999999069,1.0
4,41,1.0,1.0
4,42,1.0,1.0
4,43,1.0,1.0
4,44,1.0,1.0
4,45,1.0,1.0
4,46,1.0,1.0
4,47,1.0,1.0
4,48,0.9999999999993883,1.0
4,49,1.0000000000001787,1.0
4,50,1.0,1.0
4,51,0.9999999999995955,1.0
4,52,1.0000000000018696,1.0
4,53,1.0,1.0
4,54,1.0,1.0
4,55,1.0,1.0
5,1,1.0,1.0
5,2,1.0,1.0
5,3,1.0000000000000753,1.0
5,4,0.9999999999999976,1.0
5,5,0.9999999999999998,1.0
5,6,1.0,1.0
5,7,1.0,1.0
5,8,1.0,1.0
5,9,0.999999999999995,1.0
5,10,0.9999999999999809,1.0
5,11,1.0000000000000064,1.0
5,12,1.0,1.0
5,13,1.0,1.0
5,14,1.0000000000000049,1.0
5,15,1.0,1.0
5,16,1.0,1.0
5,17,1.0,1.0
5,18,1.0,1.0
5,19,1.0000000000000338,1.0
5,20,1.0,1.0
5,21,1.0,1.0
5,22,0.9999999999999991,1.0
5,23,0.9999999999999603,1.0
5,24,0.999999999999938,1.0
5,25,1.0000000000000353,1.0
5,26,1.0,1.0
5,27,1.0,1.0
5,28,1.0,1.0
5,29,1.0,1.0
5,30,1.0,1.0
5,31,1.0,1.0
5,32,1.0,1.0
5,33,1.0,1.0
5,34,1.0,1.0
5,35,1.0000000000002582,1.0
5,36,1.0,1.0
5,37,1.0,1.0
5,38,1.0,1.0
5,39,1.0000000000000666,1.0
5,40,1.0,1.0
5,41,0.9999999999999161,1.0
5,42,1.0,1.0
5,43,1.0,1.0
5,44,1.0000000000015965,1.0
5,45,1.0,1.0
5,46,1.0,1.0
5,47,1.0,1.0
5,48,1.0,1.0
5,49,1.0,1.0
5,50,1.0000000000012814,1.0
5,51,1.0,1.0
5,52,1.0,1.0
5,53,1.0,1.0
5,54,1.0,1.0
5,55,1.0,1.0
6,1,1.0,1.0
6,2,0.9999999999999984,1.0
6,3,0.9999999999999987,1.0
6,4,1.000000000000001,1.0
6,5,1.0,1.0
6,6,1.0,1.0
6,7,1.0,1.0
6,8,1.0,1.0
6,9,1.0000000000000033,1.0
6,10,1.0,1.0
6,11,1.0,1.0
6,12,1.0000000000000135,1.0
6,13,1.0,1.0
6,14,0.9999999999999956,1.0
6,15,0.9999999999999996,1.0
6,16,1.0,1.0
6,17,1.0,1.0
6,18,1.000000000000017,1.0
6,19,1.0,1.0
6,20,0.9999999999999997,1.0
6,21,1.0000000000000204,1.0
6,22,1.0,1.0
6,23,1.0,1.0
6,24,1.0,1.0
6,25,1.0,1.0
6,26,1.0000000000000235,1.0
6,27,1.0,1.0
6,28,0.9999999999999922,1.0
6,29,0.9999999999998602,1.0
6,30,0.999999999999975,1.0
6,31,1.0000000000000597,1.0
6,32,1.0,1.0
6,33,1.0,1.0
6,34,1.0000000000000149,1.0
6,35,1.0,1.0
6,36,1.0,1.0
6,37,1.0,1.0
6,38,1.0000000000000386,1.0
6,39,1.0,1.0
6,40,1.0000000000000626,1.0
6,41,1.0,1.0
6,42,1.0,1.0
6,43,1.0,1.0
6,44,1.0,1.0
6,45,1.0,1.0
6,46,1.0,1.0
6,47,1.0,1.0
6,48,1.0,1.0
6,49,1.0,1.0
6,50,1.0000000000005884,1.0
6,51,1.0,1.0
6,52,1.0,1.0
6,53,1.0,1.0
6,54,1.0,1.0
6,55,1.0,1.0
7,1,1.0,1.0
7,2,0.9999999999999991,1.0
7,3,1.0,1.0
7,4,1.0000000000000024,1.0
7,5,1.0,1.0
7,6,0.9999999999999262,1.0
7,7,1.0000000000000004,1.0
7,8,1.0000000000000169,1.0
7,9,1.0,1.0
7,10,1.0,1.0
7,11,1.0,1.0
7,12,1.0,1.0
7,13,1.0,1.0
7,14,1.0000000000000968,1.0
7,15,1.0,1.0
7,16,1.0,1.0
7,17,0.9999999999999931,1.0
7,18,1.0000000000000049,1.0
7,19,0.9999999999999986,1.0
7,20,1.000000000000066,1.0
7,21,1.0,1.0
7,22,1.0000000000001765,1.0
7,23,1.0,1.0
7,24,0.9999999999999882,1.0
7,25,1.0,1.0
7,26,1.0,1.0
7,27,1.0,1.0
7,28,1.0000000000000395,1.0
7,29,1.0,1.0
7,30,1.0,1.0
7,31,1.0,1.0
7,32,1.0,1.0
7,33,1.0,1.0
7,34,1.0,1.0
7,35,1.0000000000000329,1.0
7,36,1.0,1.0
7,37,1.0,1.0
7,38,1.0000000000000064,1.0
7,39,1.0,1.0
7,40,0.9999999999998063,1.0
7,41,1.0000597255823962,1.0000257784559934
7,42,1.0000000000003337,1.0
7,43,1.000001491766208,1.0
7,44,0.9999999999998056,1.0
7,45,1.000000000000189,1.0
7,46,0.9999999999997057,1.0
7,47,1.0003051785241324,1.00013118340204
7,48,0.9999999999994309,1.0
7,49,1.000034308869721,1.0000144666967214
7,50,1.0000000000005602,1.0
7,51,1.0000000000001328,1.0
7,52,0.99999999999944,1.0
7,53,1.000610256030116,1.0002615424573587
7,54,1.0000009247614252,1.0000003933260466
7,55,1.0000341706926834,1.00001426569077
8,1,1.0,1.0
8,2,1.0000000000000009,1.0
8,3,1.0,1.0
8,4,1.0000000000000009,1.0
8,5,1.0,1.0
8,6,1.0000000000000129,1.0
8,7,1.0,1.0
8,8,1.0,1.0
8,9,1.0,1.0
8,10,1.0,1.0
8,11,1.0,1.0
8,12,1.0000000000000056,1.0
8,13,1.0,1.0
8,14,1.0,1.0
8,15,1.0,1.0
8,16,1.0,1.0
8,17,1.0,1.0
8,18,1.0,1.0
8,19,0.9999999999999687,1.0
8,20,0.999999999999989,1.0
8,21,1.0,1.0
8,22,1.0,1.0
8,23,1.0,1.0
8,24,1.0,1.0
8,25,1.0,1.0
8,26,1.0,1.0
8,27,1.0,1.0
8,28,1.0,1.0
8,29,1.0,1.0
8,30,0.9999999999998661,1.0
8,31,0.9999999999999385,1.0
8,32,1.0,1.0
8,33,0.9999999999999392,1.0
8,34,0.9999999999998658,1.0
8,35,0.9999999999999641,1.0
8,36,1.0,1.0
8,37,1.0,1.0
8,38,1.0,1.0
8,39,1.0,1.0
8,40,1.0,1.0
8,41,1.0000000000001399,1.0
8,42,1.0,1.0
8,43,1.0,1.0
8,44,1.0,1.0
8,45,1.0,1.0
8,46,1.0,1.0
8,47,1.0,1.0
8,48,1.000000000000218,1.0
8,49,1.0,1.0
8,50,0.9999999999999569,1.0
8,51,1.0,1.0
8,52,1.0,1.0
8,53,1.0,1.0
8,54,1.0000000000007394,1.0
8,55,1.0,1.0
9,1,1.0,1.0
9,2,1.0,1.0
9,3,1.0000000000000013,1.0
9,4,1.0,1.0
9,5,1.0,1.0
9,6,1.0,1.0
9,7,0.9999999999999994,1.0
9,8,1.0,1.0
9,9,1.0000000000000009,1.0
9,10,1.0,1.0
9,11,0.999999999999982,1.0
9,12,0.999999999999988,1.0
9,13,0.9999999999998588,1.0
9,14,1.0000000000000486,1.0
9,15,1.0,1.0
9,16,1.0,1.0
9,17,1.0,1.0
9,18,1.0,1.0
9,19,1.0,1.0
9,20,1.0,1.0
9,21,1.0,1.0
9,22,1.0,1.0
9,23,1.0,1.0
9,24,1.0,1.0
9,25,1.0,1.0
9,26,1.0,1.0
9,27,0.9999999999999045,1.0
9,28,1.0005640979232895,1.0002030116299045
9,29,0.9999999999999445,1.0
9,30,1.003916878402087,1.0013755517557181
9,31,1.0007801228688737,1.0003560545593813
9,32,1.0,1.0
9,33,1.001230582304675,1.000520199733052
9,34,1.0009276962135951,1.0003518203354396
9,35,0.9999999999995876,1.0
9,36,1.0098326377932767,1.003689709248291
9,37,1.002680930904334,1.0011085596574762
9,38,1.0000000000004747,1.0
9,39,1.0000000000000817,1.0
9,40,1.0000000000000902,1.0
9,41,0.9999999999997433,1.0
9,42,1.0658121728097627,1.0243197213728144
9,43,1.0007317654657324,1.0002947630347738
9,44,1.003284820625789,1.0009589939911534
9,45,1.0,1.0
9,46,1.0987067120177056,1.0333931481773824
9,47,0.9999999999999112,1.0
9,48,1.0149298021447257,1.004008982596322
9,49,1.0,1.0
9,50,0.9999999999998495,1.0
9,51,1.0000000000000375,1.0
9,52,1.0000000000000917,1.0
9,53,0.9999999999994887,1.0
9,54,1.1902231319382028,1.0628816375490266
9,55,1.000000000000848,1.0
10,1,1.0,1.0
10,2,1.0000000000000029,1.0
10,3,1.0,1.0
10,4,1.0,1.0
10,5,1.0,1.0
10,6,0.9999999999999992,1.0
10,7,1.0,1.0
10,8,1.0,1.0
10,9,1.0,1.0
10,10,1.0,1.0
10,11,1.000000000000001,1.0
10,12,1.0,1.0
10,13,1.0,1.0
10,14,1.0,1.0
10,15,1.0000000000000213,1.0
10,16,1.0000000000000149,1.0
10,17,1.0,1.0
10,18,1.0000000000000833,1.0
10,19,1.0,1.0
10,20,1.0,1.0
10,21,1.0,1.0
10,22,1.0,1.0
10,23,1.0000000000000038,1.0
10,24,1.0,1.0
10,25,0.9999999999999957,1.0
10,26,1.0000000000000673,1.0
10,27,1.0,1.0
10,28,1.0,1.0
10,29,1.0,1.0
10,30,1.0,1.0
10,31,1.0,1.0
10,32,1.000000000000153,1.0
10,33,1.0,1.0
10,34,1.0000000000004265,1.0
10,35,1.0,1.0
10,36,1.0,1.0
10,37,0.9999999999999778,1.0
10,38,1.0,1.0
10,39,1.0000000000002633,1.0
10,40,1.0,1.0
10,41,0.9999999999994726,1.0
10,42,1.0000000000002638,1.0
10,43,1.0,1.0
10,44,1.0,1.0
10,45,1.0,1.0
10,46,0.999999999999997,1.0
10,47,1.0,1.0
10,48,1.0,1.0
10,49,1.0,1.0
10,50,1.0,1.0
10,51,1.0,1.0
10,52,1.0,1.0
10,53,1.0,1.0
10,54,1.0,1.0
10,55,1.0,1.0
11,1,1.0,1.0
11,2,1.000000000000001,1.0
11,3,1.0,1.0
11,4,1.0000000000000016,1.0
11,5,1.0,1.0
11,6,1.0,1.0
11,7,1.000000000000031,1.0
11,8,1.0,1.0
11,9,1.0,1.0
11,10,1.000000000000148,1.0
11,11,1.0,1.0
11,12,1.0,1.0
11,13,1.0,1.0
11,14,0.9999999999999868,1.0
11,15,1.0000000000000318,1.0
11,16,1.0,1.0
11,17,1.0,1.0
11,18,0.9999999999999765,1.0
11,19,1.0000000000000158,1.0
11,20,1.0,1.0
11,21,1.0,1.0
11,22,1.0,1.0
11,23,1.0,1.0
11,24,1.0000000000000009,1.0
11,25,1.0,1.0
11,26,1.0,1.0
11,27,1.0,1.0
11,28,0.9999999999999621,1.0
11,29,1.000000000000013,1.0
11,30,1.0,1.0
11,31,1.0,1.0
11,32,1.0,1.0
11,33,1.0,1.0
11,34,1.0,1.0
11,35,1.0,1.0
11,36,1.0,1.0
11,37,1.0,1.0
11,38,0.9999999999998402,1.0
11,39,0.9999999999994765,1.0
11,40,0.9999999999993192,1.0
11,41,0.9999999999993076,1.0
11,42,0.9999999999997918,1.0
11,43,1.0000000000001072,1.0
11,44,1.0,1.0
11,45,1.0,1.0
11,46,1.0,1.0
11,47,0.9999999999996053,1.0
11,48,0.9999999999981927,1.0
11,49,0.9999999999997439,1.0
11,50,1.0000000000009965,1.0
11,51,1.0,1.0
11,52,1.0,1.0
11,53,0.9999999999999737,1.0
11,54,1.0,1.0
11,55,1.0,1.0
12,1,1.0,1.0
12,2,0.9999999999999968,1.0
12,3,0.9999999999999972,1.0
12,4,0.9999999999999977,1.0
12,5,1.0,1.0
12,6,1.0000000000000069,1.0
12,7,1.0,1.0
12,8,0.9999999999999076,1.0
12,9,0.9999999999999962,1.0
12,10,1.0000000000000049,1.0
12,11,0.9999999999999879,1.0
12,12,1.0000000000000098,1.0
12,13,1.0,1.0
12,14,1.0,1.0
12,15,1.0,1.0
12,16,1.0000000000000893,1.0
12,17,1.0,1.0
12,18,1.0,1.0
12,19,1.0,1.0
12,20,1.0,1.0
12,21,1.0,1.0
12,22,1.0,1.0
12,23,1.0,1.0
12,24,1.0,1.0
12,25,1.0,1.0
12,26,1.0,1.0
12,27,1.0,1.0
12,28,0.9999999999999398,1.0
12,29,0.999999999999382,1.0
12,30,0.9999999999998942,1.0
12,31,0.999999999999828,1.0
12,32,1.0,1.0
12,33,1.0,1.0
12,34,0.9999999999998994,1.0
12,35,0.9999999999998682,1.0
12,36,0.999999999999364,1.0
12,37,1.0000000000001494,1.0
12,38,1.0,1.0
12,39,1.0,1.0
12,40,1.000000000000251,1.0
12,41,1.0,1.0
12,42,1.0,1.0
12,43,1.0,1.0
12,44,1.0,1.0
12,45,0.9999999999991535,1.0
12,46,0.9999999999991097,1.0
12,47,0.9999999999984585,1.0
12,48,0.9999999999979251,1.0
12,49,1.0000000000000677,1.0
12,50,1.000000000000352,1.0
12,51,1.0,1.0
12,52,1.0,1.0
12,53,1.0,1.0
12,54,1.0,1.0
12,55,1.0,1.0
13,1,1.0,1.0
13,2,1.0,1.0
13,3,0.999999999999998,1.0
13,4,0.9999999999999964,1.0
13,5,1.000000000000004,1.0
13,6,1.0,1.0
13,7,1.0,1.0
13,8,1.0,1.0
13,9,1.0,1.0
13,10,1.0,1.0
13,11,1.0,1.0
13,12,1.0,1.0
13,13,1.0,1.0
13,14,1.0,1.0
13,15,1.0,1.0
13,16,1.0,1.0
13,17,1.0000000000000253,1.0
13,18,1.0,1.0
13,19,0.9999999999999541,1.0
13,20,0.9999999999999627,1.0
13,21,0.9999999999999831,1.0
13,22,1.000000000000011,1.0
13,23,0.9999999999999716,1.0
13,24,1.000000000000064,1.0
13,25,1.0,1.0
13,26,1.0,1.0
13,27,1.0,1.0
13,28,1.0,1.0
13,29,1.0,1.0
13,30,1.0,1.0
13,31,1.0,1.0
13,32,1.0,1.0
13,33,1.0,1.0
13,34,1.0,1.0
13,35,1.0,1.0
13,36,1.0,1.0
13,37,1.0,1.0
13,38,1.0,1.0
13,39,1.0000000000009333,1.0
13,40,1.0,1.0
13,41,1.0,1.0
13,42,1.0,1.0
13,43,1.0,1.0
13,44,1.0,1.0
13,45,1.0,1.0
13,46,1.0,1.0
13,47,1.0,1.0
13,48,1.0,1.0
13,49,1.0,1.0
13,50,0.9999999999999636,1.0
13,51,0.9999999999991163,1.0
13,52,0.9999999999980665,1.0
13,53,0.9999999999992208,1.0
13,54,1.0000000000009066,1.0
13,55,1.0,1.0
14,1,1.0,1.0
14,2,1.000000000000002,1.0
14,3,1.0,1.0
14,4,1.0000000000000007,1.0
14,5,1.0,1.0
14,6,1.0,1.0
14,7,0.9999999999999972,1.0
14,8,1.0000000000000013,1.0
14,9,1.0,1.0
14,10,1.0,1.0
14,11,1.0,1.0
14,12,1.0,1.0
14,13,1.0,1.0
14,14,1.0,1.0
14,15,1.000000000000014,1.0
14,16,1.0,1.0
14,17,1.0,1.0
14,18,1.0,1.0
14,19,1.000000000000023,1.0
14,20,1.0,1.0
14,21,1.0,1.0
14,22,1.0,1.0
14,23,1.0,1.0
14,24,1.0,1.0
14,25,1.0,1.0
14,26,1.0,1.0
14,27,1.0,1.0
14,28,0.9999999999999637,1.0
14,29,1.0,1.0
14,30,1.0,1.0
14,31,1.0,1.0
14,32,1.0,1.0
14,33,1.0000000000000584,1.0
14,34,1.0,1.0
14,35,1.0,1.0
14,36,0.9999999999997623,1.0
14,37,0.9999999999999573,1.0
14,38,0.9999999999999264,1.0
14,39,1.0,1.0
14,40,1.0000000000001188,1.0
14,41,1.0,1.0
14,42,0.9999999999995012,1.0
14,43,1.0000000000001574,1.0
14,44,0.9999999999991023,1.0
14,45,1.0000000000005662,1.0
14,46,1.0,1.0
14,47,1.0,1.0
14,48,1.0,1.0
14,49,1.0,1.0
14,50,1.0,1.0
14,51,1.0,1.0
14,52,1.0,1.0
14,53,1.0,1.0
14,54,1.0,1.0
14,55,1.0,1.0
15,1,1.0,1.0
15,2,1.0,1.0
15,3,0.9999999999999991,1.0
15,4,1.0000000000000024,1.0
15,5,1.0,1.0
15,6,1.0,1.0
15,7,1.0,1.0
15,8,1.0,1.0
15,9,1.0,1.0
15,10,1.0,1.0
15,11,1.0,1.0
15,12,1.0000000000000095,1.0
15,13,1.0,1.0
15,14,0.9999999999999887,1.0
15,15,1.000000000000047,1.0
15,16,1.0,1.0
15,17,0.9999999999999963,1.0
15,18,1.0,1.0
15,19,1.0,1.0
15,20,1.0000000000000278,1.0
15,21,1.0,1.0
15,22,1.0,1.0
15,23,1.0,1.0
15,24,1.0,1.0
15,25,1.0,1.0
15,26,1.0,1.0
15,27,1.0,1.0
15,28,1.0,1.0
15,29,1.0,1.0
15,30,0.9999999999999916,1.0
15,31,0.9999999999999594,1.0
15,32,1.0000000000000342,1.0
15,33,1.0,1.0
15,34,1.0,1.0
15,35,0.9999999999998649,1.0
15,36,0.9999999999998953,1.0
15,37,1.0,1.0
15,38,1.0,1.0
15,39,1.0000000000004194,1.0
15,40,1.0,1.0
15,41,1.0,1.0
15,42,1.0000000000002351,1.0
15,43,1.0,1.0
15,44,1.0,1.0
15,45,1.0,1.0
15,46,1.0,1.0
15,47,1.0000000000003508,1.0
15,48,1.0,1.0
15,49,1.0,1.0
15,50,1.0001128898887455,1.0000451929221774
15,51,1.0000020259259936,1.0000008880256206
15,52,1.000000000000874,1.0
15,53,1.0000000000047704,1.0
15,54,0.9999999999999765,1.0
15,55,0.9999999999979721,1.0
16,1,1.0,1.0
16,2,1.000000000000008,1.0
16,3,1.0,1.0
16,4,1.0,1.0
16,5,1.0,1.0
16,6,1.0000000000001434,1.0
16,7,1.0000000000000022,1.0
16,8,1.0,1.0
16,9,1.0,1.0
16,10,1.0,1.0
16,11,1.0,1.0
16,12,1.0,1.0
16,13,0.9999999999999916,1.0
16,14,1.000000000000007,1.0
16,15,1.0,1.0
16,16,1.000000000000032,1.0
16,17,1.0,1.0
16,18,1.0,1.0
16,19,1.0,1.0
16,20,1.0,1.0
16,21,1.0,1.0
16,22,1.0,1.0
16,23,1.0,1.0
16,24,0.9999999999999939,1.0
16,25,1.0,1.0
16,26,1.0,1.0
16,27,1.0,1.0
16,28,1.0,1.0
16,29,0.9999999999999524,1.0
16,30,1.0000000000002285,1.0
16,31,1.0,1.0
16,32,1.0,1.0
16,33,1.0,1.0
16,34,1.0000000000002207,1.0
16,35,1.0,1.0
16,36,1.0,1.0
16,37,1.0000000000000568,1.0
16,38,1.0,1.0
16,39,1.0,1.0
16,40,1.0,1.0
16,41,1.0,1.0
16,42,1.0000000000003517,1.0
16,43,1.0,1.0
16,44,1.0,1.0
16,45,1.0,1.0
16,46,1.0007637866788845,1.0002948722837037
16,47,1.0002221164423688,1.000093449408106
16,48,1.0000000000008773,1.0
16,49,0.9999999999995867,1.0
16,50,1.0064001639956208,1.00247320448134
16,51,0.999999999999904,1.0
16,52,1.0004150168649277,1.0001475379167184
16,53,0.9999999999991267,1.0
16,54,1.0089494631055207,1.0033739802648083
16,55,1.0008295947179364,1.0003485536733834
17,1,1.0,1.0
17,2,1.0,1.0
17,3,1.0,1.0
17,4,1.0,1.0
17,5,1.0,1.0
17,6,1.0,1.0
17,7,1.0,1.0
17,8,1.0,1.0
17,9,1.0,1.0
17,10,1.0,1.0
17,11,1.0000000000000047,1.0
17,12,1.0,1.0
17,13,1.0,1.0
17,14,1.0000000000000078,1.0
17,15,1.0,1.0
17,16,0.9999999999999981,1.0
17,17,1.0,1.0
17,18,1.0000000000000042,1.0
17,19,1.0,1.0
17,20,1.0000000000000022,1.0
17,21,0.999999999999938,1.0
17,22,0.9999999999999825,1.0
17,23,0.9999999999999678,1.0
17,24,1.0,1.0
17,25,1.0,1.0
17,26,1.0,1.0
17,27,1.0,1.0
17,28,1.0000000000000255,1.0
17,29,1.0,1.0
17,30,1.0,1.0
17,31,1.0,1.0
17,32,1.0,1.0
17,33,1.0,1.0
17,34,1.0,1.0
17,35,1.0,1.0
17,36,1.0,1.0
17,37,1.0,1.0
17,38,1.0,1.0
17,39,1.0,1.0
17,40,1.0,1.0
17,41,0.9999999999998345,1.0
17,42,1.0,1.0
17,43,1.0000147290789045,1.0000061823121809
17,44,1.0001185930922485,1.0000499737589081
17,45,1.0000594997656778,1.0000246097953804
17,46,1.000000000000299,1.0
17,47,1.0000000000003055,1.0
17,48,0.9999999999994471,1.0
17,49,1.0028961754378902,1.0012065198212776
17,50,1.000090832931431,1.0000379291143866
17,51,1.0001985627819574,1.0000787138369271
17,52,1.0040133275710674,1.0016616541056307
17,53,1.0000000000007527,1.0
17,54,1.0000000000005105,1.0
17,55,0.9999999999995534,1.0
18,1,1.0,1.0
18,2,1.0,1.0
18,3,1.0,1.0
18,4,0.9999999999999994,1.0
18,5,0.9999999999999403,1.0
18,6,0.9999999999999992,1.0
18,7,1.0,1.0
18,8,0.9999999999999962,1.0
18,9,1.0000000000000304,1.0
18,10,1.0,1.0
18,11,1.0,1.0
18,12,1.0,1.0
18,13,1.0000000000000229,1.0
18,14,1.0,1.0
18,15,1.0,1.0
18,16,1.0,1.0
18,17,1.0,1.0
18,18,1.0000000000000233,1.0
18,19,1.0,1.0
18,20,1.0,1.0
18,21,1.0,1.0
18,22,1.000000000000016,1.0
18,23,1.0,1.0
18,24,1.0,1.0
18,25,1.0000000000000078,1.0
18,26,1.0,1.0
18,27,1.0,1.0
18,28,1.0000000000000486,1.0
18,29,1.0,1.0
18,30,0.999999999999989,1.0
18,31,0.9999999999999931,1.0
18,32,1.0,1.0
18,33,1.0,1.0
18,34,1.0,1.0
18,35,1.0,1.0
18,36,1.0,1.0
18,37,1.0,1.0
18,38,1.0,1.0
18,39,1.0000000000000275,1.0
18,40,1.0,1.0
18,41,1.0,1.0
18,42,1.0,1.0
18,43,1.0,1.0
18,44,1.0000000000002471,1.0
18,45,1.0,1.0
18,46,1.0,1.0
18,47,1.0,1.0
18,48,1.0,1.0
18,49,1.0,1.0
18,50,1.0,1.0
18,51,1.0,1.0
18,52,1.0,1.0
18,53,1.0,1.0
18,54,1.0,1.0
18,55,1.0,1.0
19,1,1.0,1.0
19,2,1.0,1.0
19,3,0.9999999999999996,1.0
19,4,1.0,1.0
19,5,1.0,1.0
19,6,0.9999999999999979,1.0
19,7,1.0,1.0
19,8,0.9999999999999913,1.0
19,9,1.000000000000002,1.0
19,10,1.0,1.0
19,11,1.0,1.0
19,12,0.9999999999999939,1.0
19,13,1.0,1.0
19,14,1.0,1.0
19,15,0.9999999999999937,1.0
19,16,0.9999999999999865,1.0
19,17,1.0000000000000113,1.0
19,18,1.0,1.0
19,19,1.0000000000000007,1.0
19,20,1.0,1.0
19,21,1.0,1.0
19,22,1.0,1.0
19,23,1.0,1.0
19,24,1.000000000000001,1.0
19,25,1.0,1.0
19,26,1.0000000000000424,1.0
19,27,0.9999999999999848,1.0
19,28,1.0000000000000449,1.0
19,29,1.0,1.0
19,30,1.0,1.0
19,31,1.0,1.0
19,32,1.0,1.0
19,33,1.0,1.0
19,34,1.0,1.0
19,35,1.0,1.0
19,36,1.0,1.0
19,37,1.0000000000000981,1.0
19,38,1.0,1.0
19,39,1.0,1.0
19,40,0.9999999999999922,1.0
19,41,1.0,1.0
19,42,1.0,1.0
19,43,1.0,1.0
19,44,1.0,1.0
19,45,1.000001129913824,1.0000005865373844
19,46,1.0000873364708018,1.00003159239061
19,47,1.0000242133003525,1.0000125993446225
19,48,1.0000548442600181,1.0000196613910466
19,49,1.0002922469472222,1.0001514816334303
19,50,1.0001974916544645,1.00006991543537
19,51,1.000324729209488,1.0001665649513107
19,52,1.000595404088548,1.0002098581134926
19,53,1.0,1.0
19,54,1.001625196188405,1.0005649712712616
19,55,1.0000000000006493,1.0
