study,seed,acceptance_tolerance,primal_feasibility,normal_residual,kkt_residual,primal_dual_gap,reference_distance_bound,lbfgsb_success,refine_success,refiner_status,nfev,gap_digits
energy,0,1e-10,8.352693536828326e-16,1.8373279803617556e-15,0.0,3.6308791255852764e-16,2.6947650419555988e-08,True,True,1,2,60
energy,0,1e-12,8.352693536828326e-16,1.8373279803617556e-15,0.0,3.6308791255852764e-16,2.6947650419555988e-08,True,True,1,2,60
energy,1,1e-10,5.614061593096589e-16,1.6772420471485757e-15,0.0,8.563977530634309e-17,1.3087381843697388e-08,True,True,1,2,60
energy,1,1e-12,5.614061593096589e-16,1.6772420471485757e-15,0.0,8.563977530634309e-17,1.3087381843697388e-08,True,True,1,2,60
energy,2,1e-10,8.143520104529916e-16,1.7170184567430449e-15,0.0,2.0690906781519755e-16,2.0342521227680426e-08,True,True,1,2,60
energy,2,1e-12,8.143520104529916e-16,1.7170184567430449e-15,0.0,2.0690906781519755e-16,2.0342521227680426e-08,True,True,1,2,60
energy,3,1e-10,5.962050518840355e-16,1.631283771579965e-15,0.0,1.0942773072864374e-16,1.479376482656836e-08,True,True,1,2,60
energy,3,1e-12,5.962050518840355e-16,1.631283771579965e-15,0.0,1.0942773072864374e-16,1.479376482656836e-08,True,True,1,2,60
energy,4,1e-10,6.36235110191291e-16,1.5924642501349921e-15,0.0,1.5978790868867978e-16,1.7876684192653452e-08,True,True,1,2,60
energy,4,1e-12,6.36235110191291e-16,1.5924642501349921e-15,0.0,1.5978790868867978e-16,1.7876684192653452e-08,True,True,1,2,60
energy,5,1e-10,5.97227944518766e-16,1.3601895602628124e-15,0.0,1.383931636154806e-16,1.66368971552004e-08,True,True,1,2,60
energy,5,1e-12,5.97227944518766e-16,1.3601895602628124e-15,0.0,1.383931636154806e-16,1.66368971552004e-08,True,True,1,2,60
energy,6,1e-10,9.567616510266087e-16,2.1204553314246006e-15,0.0,2.1093796703621625e-16,2.0539619486712396e-08,True,True,1,2,60
energy,6,1e-12,9.567616510266087e-16,2.1204553314246006e-15,0.0,2.1093796703621625e-16,2.0539619486712396e-08,True,True,1,2,60
energy,7,1e-10,5.565489296573048e-16,1.7500760154653788e-15,0.0,1.1518060603100844e-16,1.5177655481957093e-08,True,True,1,2,60
energy,7,1e-12,5.565489296573048e-16,1.7500760154653788e-15,0.0,1.1518060603100844e-16,1.5177655481957093e-08,True,True,1,2,60
energy,8,1e-10,9.41606660361176e-16,1.5463752261222804e-15,0.0,1.9515796217325361e-16,1.975641553130603e-08,True,True,1,2,60
energy,8,1e-12,9.41606660361176e-16,1.5463752261222804e-15,0.0,1.9515796217325361e-16,1.975641553130603e-08,True,True,1,2,60
energy,9,1e-10,7.910726265989679e-16,1.6296213204726563e-15,0.0,2.270940558984515e-16,2.131169029568546e-08,True,True,1,2,60
energy,9,1e-12,7.910726265989679e-16,1.6296213204726563e-15,0.0,2.270940558984515e-16,2.131169029568546e-08,True,True,1,2,60
energy,10,1e-10,5.799253811211953e-16,1.5645320433554998e-15,0.0,1.386223737131312e-16,1.665066868363007e-08,True,True,1,2,60
energy,10,1e-12,5.799253811211953e-16,1.5645320433554998e-15,0.0,1.386223737131312e-16,1.665066868363007e-08,True,True,1,2,60
energy,11,1e-10,4.820178984819718e-16,1.5767040132007387e-15,0.0,4.8785245349806846e-17,9.877778048931424e-09,True,True,1,2,60
energy,11,1e-12,4.820178984819718e-16,1.5767040132007387e-15,0.0,4.8785245349806846e-17,9.877778048931424e-09,True,True,1,2,60
energy,12,1e-10,9.486146223077996e-16,1.6095744543907795e-15,0.0,2.0746603774088525e-16,2.0369882444678095e-08,True,True,1,2,60
energy,12,1e-12,9.486146223077996e-16,1.6095744543907795e-15,0.0,2.0746603774088525e-16,2.0369882444678095e-08,True,True,1,2,60
energy,13,1e-10,4.77321702616004e-16,1.6965527006835662e-15,0.0,6.809333069042574e-17,1.166990454669562e-08,True,True,1,2,60
energy,13,1e-12,4.77321702616004e-16,1.6965527006835662e-15,0.0,6.809333069042574e-17,1.166990454669562e-08,True,True,1,2,60
energy,14,1e-10,8.365797263342433e-16,2.1392835185925697e-15,0.0,1.6222408570547304e-16,1.8012445628649654e-08,True,True,1,2,60
energy,14,1e-12,8.365797263342433e-16,2.1392835185925697e-15,0.0,1.6222408570547304e-16,1.8012445628649654e-08,True,True,1,2,60
energy,15,1e-10,8.542821843539896e-16,2.0532318904168007e-15,0.0,4.0183959742897383e-16,2.834923703787084e-08,True,True,1,2,60
energy,15,1e-12,8.542821843539896e-16,2.0532318904168007e-15,0.0,4.0183959742897383e-16,2.834923703787084e-08,True,True,1,2,60
energy,16,1e-10,7.718003872684089e-16,1.6524362384610357e-15,0.0,2.3740226534499373e-16,2.1790010511776286e-08,True,True,1,2,60
energy,16,1e-12,7.718003872684089e-16,1.6524362384610357e-15,0.0,2.3740226534499373e-16,2.1790010511776286e-08,True,True,1,2,60
energy,17,1e-10,7.891902791285957e-16,1.8015902167703274e-15,0.0,2.4954336440628395e-16,2.2340249820279233e-08,True,True,1,2,60
energy,17,1e-12,7.891902791285957e-16,1.8015902167703274e-15,0.0,2.4954336440628395e-16,2.2340249820279233e-08,True,True,1,2,60
energy,18,1e-10,5.970291353245629e-16,1.6414960597985597e-15,0.0,1.1552196025773843e-16,1.520012951920216e-08,True,True,1,2,60
energy,18,1e-12,5.970291353245629e-16,1.6414960597985597e-15,0.0,1.1552196025773843e-16,1.520012951920216e-08,True,True,1,2,60
energy,19,1e-10,9.37431469228333e-16,2.2290300156094308e-15,0.0,3.017675606257193e-16,2.4566952677082654e-08,True,True,1,2,60
energy,19,1e-12,9.37431469228333e-16,2.2290300156094308e-15,0.0,3.017675606257193e-16,2.4566952677082654e-08,True,True,1,2,60
certificate,0,1e-10,6.026410380415084e-16,1.280523505527289e-15,0.0,6.399137006434405e-17,1.1312946229556637e-08,True,True,1,2,60
certificate,0,1e-12,6.026410380415084e-16,1.280523505527289e-15,0.0,6.399137006434405e-17,1.1312946229556637e-08,True,True,1,2,60
certificate,1,1e-10,5.655837044156837e-16,1.4895013209992988e-15,0.0,9.916638829763438e-17,1.4083067563598545e-08,True,True,1,2,60
certificate,1,1e-12,5.655837044156837e-16,1.4895013209992988e-15,0.0,9.916638829763438e-17,1.4083067563598545e-08,True,True,1,2,60
certificate,2,1e-10,7.6658684622959165e-16,1.5855248686276507e-15,0.0,2.1945049972829536e-16,2.094996494307862e-08,True,True,1,2,60
certificate,2,1e-12,7.6658684622959165e-16,1.5855248686276507e-15,0.0,2.1945049972829536e-16,2.094996494307862e-08,True,True,1,2,60
certificate,3,1e-10,7.218324047152755e-16,1.6709531635001355e-15,0.0,1.8566992413473294e-16,1.9270180983942818e-08,True,True,1,2,60
certificate,3,1e-12,7.218324047152755e-16,1.6709531635001355e-15,0.0,1.8566992413473294e-16,1.9270180983942818e-08,True,True,1,2,60
certificate,4,1e-10,5.451477201150538e-16,1.7777852664634925e-15,0.0,4.49406259062376e-17,9.480572843067041e-09,True,True,1,2,60
certificate,4,1e-12,5.451477201150538e-16,1.7777852664634925e-15,0.0,4.49406259062376e-17,9.480572843067041e-09,True,True,1,2,60
certificate,5,1e-10,6.358962479459921e-16,1.942166452260364e-15,0.0,1.326476884628554e-16,1.6287891031953383e-08,True,True,1,2,60
certificate,5,1e-12,6.358962479459921e-16,1.942166452260364e-15,0.0,1.326476884628554e-16,1.6287891031953383e-08,True,True,1,2,60
certificate,6,1e-10,4.394405022342977e-16,2.326644439897427e-15,0.0,6.830851743574071e-17,1.1688329402333234e-08,True,True,1,2,60
certificate,6,1e-12,4.394405022342977e-16,2.326644439897427e-15,0.0,6.830851743574071e-17,1.1688329402333234e-08,True,True,1,2,60
certificate,7,1e-10,6.266314889990578e-16,1.9129605048450387e-15,0.0,1.0335168320964026e-16,1.4377182739955033e-08,True,True,1,2,60
certificate,7,1e-12,6.266314889990578e-16,1.9129605048450387e-15,0.0,1.0335168320964026e-16,1.4377182739955033e-08,True,True,1,2,60
certificate,8,1e-10,7.436345980353415e-16,1.5059788138093453e-15,0.0,1.573832330487478e-16,1.7741659727276545e-08,True,True,1,2,60
certificate,8,1e-12,7.436345980353415e-16,1.5059788138093453e-15,0.0,1.573832330487478e-16,1.7741659727276545e-08,True,True,1,2,60
certificate,9,1e-10,5.938600788766822e-16,1.3984133870805541e-15,0.0,1.2504554979059992e-16,1.581426939938782e-08,True,True,1,2,60
certificate,9,1e-12,5.938600788766822e-16,1.3984133870805541e-15,0.0,1.2504554979059992e-16,1.581426939938782e-08,True,True,1,2,60
certificate,10,1e-10,4.955194415448429e-16,1.1325302421361947e-15,0.0,1.1089192532099751e-16,1.489240962797525e-08,True,True,1,2,60
certificate,10,1e-12,4.955194415448429e-16,1.1325302421361947e-15,0.0,1.1089192532099751e-16,1.489240962797525e-08,True,True,1,2,60
certificate,11,1e-10,8.478113815201818e-16,1.257468385143144e-15,0.0,1.2950425199517214e-16,1.609374191011536e-08,True,True,1,2,60
certificate,11,1e-12,8.478113815201818e-16,1.257468385143144e-15,0.0,1.2950425199517214e-16,1.609374191011536e-08,True,True,1,2,60
certificate,12,1e-10,1.2299295006748953e-15,1.5222068858185348e-15,0.0,6.705408067951791e-16,3.662078232504111e-08,True,True,1,2,60
certificate,12,1e-12,1.2299295006748953e-15,1.5222068858185348e-15,0.0,6.705408067951791e-16,3.662078232504111e-08,True,True,1,2,60
certificate,13,1e-10,6.918752807155059e-16,1.6682941886262616e-15,0.0,1.0855718940349184e-16,1.4734802180587387e-08,True,True,1,2,60
certificate,13,1e-12,6.918752807155059e-16,1.6682941886262616e-15,0.0,1.0855718940349184e-16,1.4734802180587387e-08,True,True,1,2,60
certificate,14,1e-10,6.227004911247372e-16,1.3841198497213956e-15,0.0,8.48835232765551e-17,1.3029468953694925e-08,True,True,1,2,60
certificate,14,1e-12,6.227004911247372e-16,1.3841198497213956e-15,0.0,8.48835232765551e-17,1.3029468953694925e-08,True,True,1,2,60
certificate,15,1e-10,8.818837556655955e-16,1.6093596972085534e-15,0.0,3.2695036854920482e-16,2.557148371428548e-08,True,True,1,2,60
certificate,15,1e-12,8.818837556655955e-16,1.6093596972085534e-15,0.0,3.2695036854920482e-16,2.557148371428548e-08,True,True,1,2,60
certificate,16,1e-10,7.584928381830145e-16,1.7068066107623882e-15,0.0,2.4154886491024746e-16,2.197948497910866e-08,True,True,1,2,60
certificate,16,1e-12,7.584928381830145e-16,1.7068066107623882e-15,0.0,2.4154886491024746e-16,2.197948497910866e-08,True,True,1,2,60
certificate,17,1e-10,9.959462980174147e-16,1.558087376280579e-15,0.0,4.1262407180593714e-16,2.872713342498719e-08,True,True,1,2,60
certificate,17,1e-12,9.959462980174147e-16,1.558087376280579e-15,0.0,4.1262407180593714e-16,2.872713342498719e-08,True,True,1,2,60
certificate,18,1e-10,1.057165679574868e-15,1.2509195692540209e-15,0.0,4.4648435380951385e-16,2.9882583054956986e-08,True,True,1,2,60
certificate,18,1e-12,1.057165679574868e-15,1.2509195692540209e-15,0.0,4.4648435380951385e-16,2.9882583054956986e-08,True,True,1,2,60
certificate,19,1e-10,7.199348325994444e-16,1.2175645475556906e-15,0.0,8.7867116099253e-17,1.3256479550414113e-08,True,True,1,2,60
certificate,19,1e-12,7.199348325994444e-16,1.2175645475556906e-15,0.0,8.7867116099253e-17,1.3256479550414113e-08,True,True,1,2,60
