seed,method,reference_difference,mp_feasibility,mp_inactive_kkt,mp_gap_abs,max_relative_energy_change,factor_change
0,one-cut,1.1401010004940637e-15,7.892829234813326e-62,0.0,1.2446030555722283e-60,1.0284822707723619e-13,2.1094237467877974e-15
0,recent,1.1401010004940637e-15,7.892829234813326e-62,0.0,1.2446030555722283e-60,1.5386955770186727e-13,2.9976021664879227e-15
0,violated,1.1401010004940637e-15,7.892829234813326e-62,0.0,1.2446030555722283e-60,1.222760969233983e-13,2.4424906541753444e-15
0,angle,1.1401010004940637e-15,7.892829234813326e-62,0.0,1.2446030555722283e-60,1.222760969233983e-13,2.4424906541753444e-15
0,adaptive,1.1401010004940637e-15,7.892829234813326e-62,0.0,1.2446030555722283e-60,1.0284822707723619e-13,2.1094237467877974e-15
1,one-cut,7.112736286541798e-16,3.2251762595549657e-62,0.0,0.0,1.1289100796173189e-12,2.2870594307278225e-14
1,recent,7.112736286541798e-16,3.2251762595549657e-62,0.0,0.0,1.7394017590912261e-12,3.341771304121721e-14
1,violated,7.112736286541798e-16,3.2251762595549657e-62,0.0,0.0,1.3689790622836783e-12,2.7533531010703882e-14
1,angle,7.112736286541798e-16,3.2251762595549657e-62,0.0,0.0,1.5383859738435645e-12,2.964295475749168e-14
1,adaptive,7.112736286541798e-16,3.2251762595549657e-62,0.0,0.0,1.1289100796173189e-12,2.2870594307278225e-14
2,one-cut,1.167259417754997e-15,3.0868161483241725e-62,0.0,0.0,1.2266050655184468e-12,2.375877272697835e-14
2,recent,1.167259417754997e-15,3.0868161483241725e-62,0.0,0.0,1.226605065543493e-12,2.375877272697835e-14
2,violated,1.167259417754997e-15,3.0868161483241725e-62,0.0,0.0,1.2266050655086176e-12,2.3869795029440866e-14
2,angle,1.167259417754997e-15,3.0868161483241725e-62,0.0,0.0,1.2266050655343826e-12,2.3869795029440866e-14
2,adaptive,1.167259417754997e-15,3.0868161483241725e-62,0.0,0.0,1.2266050655184468e-12,2.375877272697835e-14
3,one-cut,7.76488570803707e-16,5.503105474760339e-62,0.0,0.0,1.9100899108287144e-13,3.885780586188048e-15
3,recent,7.76488570803707e-16,5.503105474760339e-62,0.0,0.0,4.548137979475427e-13,8.770761894538737e-15
3,violated,7.76488570803707e-16,5.503105474760339e-62,0.0,0.0,3.110722885454161e-13,6.328271240363392e-15
3,angle,7.76488570803707e-16,5.503105474760339e-62,0.0,0.0,3.131338541040551e-13,6.217248937900877e-15
3,adaptive,7.76488570803707e-16,5.503105474760339e-62,0.0,0.0,2.412251966952237e-13,4.440892098500626e-15
4,one-cut,8.559333682661262e-16,5.454910034950152e-62,0.0,6.223015277861142e-61,2.9752913779187257e-12,5.573319583618286e-14
4,recent,8.559333682661262e-16,5.454910034950152e-62,0.0,6.223015277861142e-61,2.9752913779026886e-12,5.562217353372034e-14
4,violated,8.559333682661262e-16,5.454910034950152e-62,0.0,6.223015277861142e-61,2.9752913779259336e-12,5.573319583618286e-14
4,angle,8.559333682661262e-16,5.454910034950152e-62,0.0,6.223015277861142e-61,2.975291377913142e-12,5.562217353372034e-14
4,adaptive,8.559333682661262e-16,5.454910034950152e-62,0.0,6.223015277861142e-61,2.9752913779187257e-12,5.573319583618286e-14
5,one-cut,8.802607550164105e-16,4.611543567708645e-62,0.0,0.0,1.2322359752637256e-11,1.9484414082171497e-13
5,recent,8.802607550164105e-16,4.611543567708645e-62,0.0,0.0,1.2322359749566917e-11,1.9473311851925246e-13
5,violated,8.802607550164105e-16,4.611543567708645e-62,0.0,0.0,1.2322359752010518e-11,1.9473311851925246e-13
5,angle,8.802607550164105e-16,4.611543567708645e-62,0.0,0.0,1.232235954972024e-11,1.9484414082171497e-13
5,adaptive,8.802607550164105e-16,4.611543567708645e-62,0.0,0.0,1.2322359752637256e-11,1.9484414082171497e-13
6,one-cut,1.2022952175861145e-15,5.075297018240275e-62,0.0,0.0,8.41168177750335e-13,1.4765966227514582e-14
6,recent,1.2022952175861145e-15,5.075297018240275e-62,0.0,0.0,8.411049859659012e-13,1.4765966227514582e-14
6,violated,1.2022952175861145e-15,5.075297018240275e-62,0.0,0.0,8.411681777499564e-13,1.4876988529977098e-14
6,angle,1.2022952175861145e-15,5.075297018240275e-62,0.0,0.0,8.411681777523098e-13,1.4876988529977098e-14
6,adaptive,1.2022952175861145e-15,5.075297018240275e-62,0.0,0.0,8.41168177750335e-13,1.4765966227514582e-14
7,one-cut,7.734792955258633e-16,6.4084544854364814e-62,0.0,0.0,1.4319617611376706e-13,2.6645352591003757e-15
7,recent,7.734792955258633e-16,6.4084544854364814e-62,0.0,0.0,1.5165542250284217e-13,2.7755575615628914e-15
7,violated,7.734792955258633e-16,6.4084544854364814e-62,0.0,0.0,1.4660808551806826e-13,2.6645352591003757e-15
7,angle,7.734792955258633e-16,6.4084544854364814e-62,0.0,0.0,1.4697457613752856e-13,2.7755575615628914e-15
7,adaptive,7.734792955258633e-16,6.4084544854364814e-62,0.0,0.0,1.4319617611376706e-13,2.6645352591003757e-15
8,one-cut,1.0638688873744438e-15,6.441219815910801e-62,0.0,6.223015277861142e-61,4.3064139438985e-13,8.770761894538737e-15
8,recent,1.0638688873744438e-15,6.441219815910801e-62,0.0,6.223015277861142e-61,4.3064139438953604e-13,8.881784197001252e-15
8,violated,1.0638688873744438e-15,6.441219815910801e-62,0.0,6.223015277861142e-61,4.3064139438668554e-13,8.770761894538737e-15
8,angle,1.0638688873744438e-15,6.441219815910801e-62,0.0,6.223015277861142e-61,4.3064139438181025e-13,8.881784197001252e-15
8,adaptive,1.0638688873744438e-15,6.441219815910801e-62,0.0,6.223015277861142e-61,4.3064139438985e-13,8.770761894538737e-15
9,one-cut,1.0639695392077335e-15,4.429023110426152e-62,0.0,6.223015277861142e-61,9.378748912103161e-13,2.0095036745715333e-14
9,recent,1.0639695392077335e-15,4.429023110426152e-62,0.0,6.223015277861142e-61,3.836805653014023e-12,7.327471962526033e-14
9,violated,1.0639695392077335e-15,4.429023110426152e-62,0.0,6.223015277861142e-61,2.2316724590244275e-12,4.318767565791859e-14
9,angle,1.0639695392077335e-15,4.429023110426152e-62,0.0,6.223015277861142e-61,2.145596221452659e-12,4.440892098500626e-14
9,adaptive,1.0639695392077335e-15,4.429023110426152e-62,0.0,6.223015277861142e-61,2.682394837852202e-12,5.0182080713057076e-14
10,one-cut,9.274031091178984e-16,3.716646244945736e-62,0.0,0.0,1.755614838494497e-12,2.919886554764162e-14
10,recent,9.274031091178984e-16,3.716646244945736e-62,0.0,0.0,1.7556148384528392e-12,2.919886554764162e-14
10,violated,9.274031091178984e-16,3.716646244945736e-62,0.0,0.0,1.7556148384826538e-12,2.919886554764162e-14
10,angle,9.274031091178984e-16,3.716646244945736e-62,0.0,0.0,1.7556148385273817e-12,2.90878432451791e-14
10,adaptive,9.274031091178984e-16,3.716646244945736e-62,0.0,0.0,1.755614838494497e-12,2.919886554764162e-14
11,one-cut,6.172315805944077e-16,4.814114625609155e-62,0.0,0.0,1.709298621791202e-12,2.964295475749168e-14
11,recent,6.172315805944077e-16,4.814114625609155e-62,0.0,0.0,1.7092986218879244e-12,2.964295475749168e-14
11,violated,6.172315805944077e-16,4.814114625609155e-62,0.0,0.0,1.7092986217908377e-12,2.964295475749168e-14
11,angle,6.172315805944077e-16,4.814114625609155e-62,0.0,0.0,1.7092986217524013e-12,2.9531932455029164e-14
11,adaptive,6.172315805944077e-16,4.814114625609155e-62,0.0,0.0,1.709298621791202e-12,2.964295475749168e-14
12,one-cut,1.2510076054489654e-15,6.736611648458032e-62,0.0,6.223015277861142e-61,4.38398419910435e-12,8.204548151979907e-14
12,recent,1.2510076054489654e-15,6.736611648458032e-62,0.0,6.223015277861142e-61,4.383965846741065e-12,8.215650382226158e-14
12,violated,1.2510076054489654e-15,6.736611648458032e-62,0.0,6.223015277861142e-61,4.383984199031302e-12,8.215650382226158e-14
12,angle,1.2510076054489654e-15,6.736611648458032e-62,0.0,6.223015277861142e-61,4.3839841988838996e-12,8.215650382226158e-14
12,adaptive,1.2510076054489654e-15,6.736611648458032e-62,0.0,6.223015277861142e-61,4.38398419910435e-12,8.204548151979907e-14
13,one-cut,6.391323879661889e-16,2.759594311479438e-62,0.0,3.111507638930571e-61,8.194863240178165e-12,1.247890679678676e-13
13,recent,6.391323879661889e-16,2.759594311479438e-62,0.0,3.111507638930571e-61,8.389879037388849e-12,1.268984917146554e-13
13,violated,6.391323879661889e-16,2.759594311479438e-62,0.0,3.111507638930571e-61,8.392821700108574e-12,1.2678746941219288e-13
13,angle,6.391323879661889e-16,2.759594311479438e-62,0.0,3.111507638930571e-61,8.392809453629787e-12,1.2667644710973036e-13
13,adaptive,6.391323879661889e-16,2.759594311479438e-62,0.0,3.111507638930571e-61,8.194863240178165e-12,1.247890679678676e-13
14,one-cut,1.060143019420345e-15,5.737048211117159e-62,0.0,0.0,8.912022514955788e-13,1.2656542480726785e-14
14,recent,1.060143019420345e-15,5.737048211117159e-62,0.0,0.0,8.912022515045159e-13,1.2656542480726785e-14
14,violated,1.060143019420345e-15,5.737048211117159e-62,0.0,0.0,8.91202251475107e-13,1.2656542480726785e-14
14,angle,1.060143019420345e-15,5.737048211117159e-62,0.0,0.0,8.912129436506221e-13,1.27675647831893e-14
14,adaptive,1.060143019420345e-15,5.737048211117159e-62,0.0,0.0,8.912022514955788e-13,1.2656542480726785e-14
15,one-cut,1.2074431386560421e-15,7.67938025022339e-62,0.0,0.0,4.71013652171384e-13,9.769962616701378e-15
15,recent,1.2074431386560421e-15,7.67938025022339e-62,0.0,0.0,4.990368653356744e-13,1.021405182655144e-14
15,violated,1.2074431386560421e-15,7.67938025022339e-62,0.0,0.0,4.908225485982112e-13,9.992007221626409e-15
15,angle,1.2074431386560421e-15,7.67938025022339e-62,0.0,0.0,4.867495738088866e-13,9.880984919163893e-15
15,adaptive,1.2074431386560421e-15,7.67938025022339e-62,0.0,0.0,4.71013652171384e-13,9.769962616701378e-15
16,one-cut,9.725856928023253e-16,6.714646765569377e-62,0.0,6.223015277861142e-61,3.829797573731736e-13,7.438494264988549e-15
16,recent,9.725856928023253e-16,6.714646765569377e-62,0.0,6.223015277861142e-61,4.958042241749732e-13,9.658940314238862e-15
16,violated,9.725856928023253e-16,6.714646765569377e-62,0.0,6.223015277861142e-61,4.683872872221125e-13,9.2148511043888e-15
16,angle,9.725856928023253e-16,6.714646765569377e-62,0.0,6.223015277861142e-61,4.687176207269175e-13,9.103828801926284e-15
16,adaptive,9.725856928023253e-16,6.714646765569377e-62,0.0,6.223015277861142e-61,3.829797573731736e-13,7.438494264988549e-15
17,one-cut,1.2089330730161157e-15,5.507314362228427e-62,0.0,0.0,3.3647741281187326e-13,6.5503158452884236e-15
17,recent,1.2089330730161157e-15,5.507314362228427e-62,0.0,0.0,4.238739647825582e-13,8.326672684688674e-15
17,violated,1.2089330730161157e-15,5.507314362228427e-62,0.0,0.0,3.858938074665254e-13,7.438494264988549e-15
17,angle,1.2089330730161157e-15,5.507314362228427e-62,0.0,0.0,3.6798444813559973e-13,7.327471962526033e-15
17,adaptive,1.2089330730161157e-15,5.507314362228427e-62,0.0,0.0,3.3647741281187326e-13,6.5503158452884236e-15
18,one-cut,7.785201448471649e-16,3.4770523474049235e-62,0.0,3.111507638930571e-61,2.2559729857373125e-13,3.552713678800501e-15
18,recent,7.785201448471649e-16,3.4770523474049235e-62,0.0,3.111507638930571e-61,2.2588118053287835e-13,3.552713678800501e-15
18,violated,7.785201448471649e-16,3.4770523474049235e-62,0.0,3.111507638930571e-61,2.2725417340689475e-13,3.4416913763379853e-15
18,angle,7.785201448471649e-16,3.4770523474049235e-62,0.0,3.111507638930571e-61,2.23871708457045e-13,3.552713678800501e-15
18,adaptive,7.785201448471649e-16,3.4770523474049235e-62,0.0,3.111507638930571e-61,2.2559729857373125e-13,3.552713678800501e-15
19,one-cut,1.2283972611689283e-15,2.2932737779625778e-62,0.0,0.0,2.1237976831036057e-13,4.218847493575595e-15
19,recent,1.2283972611689283e-15,2.2932737779625778e-62,0.0,0.0,2.3544426584455955e-13,4.551914400963142e-15
19,violated,1.2283972611689283e-15,2.2932737779625778e-62,0.0,0.0,2.239115410851033e-13,4.3298697960381105e-15
19,angle,1.2283972611689283e-15,2.2932737779625778e-62,0.0,0.0,2.1934699519505346e-13,4.107825191113079e-15
19,adaptive,1.2283972611689283e-15,2.2932737779625778e-62,0.0,0.0,2.1237976831036057e-13,4.218847493575595e-15
