m,n,seed,method,final_residual,best_residual,best_iteration,final_objective,core_time_s,tail100_pgn_median,residual_100,residual_200,residual_500,residual_1000,residual_2000
1000,3000,0,one-cut,2.6061905863361536e-13,2.6061905863361536e-13,729,9.585419067427154,0.2808553999711876,6.705948783102777e-25,0.0003702674017672904,1.0075741187283682e-05,1.0448386598560928e-09,2.6061905863361536e-13,2.6061905863361536e-13
1000,3000,0,recent,3.5998339451960696e-10,6.008192820272208e-11,485,9.585419067859412,0.5539691999947536,7.839117133201512e-10,6.301256391261025e-05,2.460441734947549e-07,3.194527701456366e-10,3.5998339451960696e-10,3.5998339451960696e-10
1000,3000,0,violated,2.7160172062562054e-16,2.1246191388491605e-16,1428,9.585419067427146,0.6063250002553104,6.442062490916734e-16,0.00012340473519858644,6.49020609149254e-07,5.530459998100864e-11,2.4772650527464225e-14,2.7160172062562054e-16
1000,3000,0,angle,1.0631865306036456e-13,1.0631865306036456e-13,2000,9.585419067427193,0.9394116001640214,3.903272681518385e-13,0.00014373853513963104,1.1580572994828033e-06,2.743998172784851e-10,3.290250019472989e-11,1.0631865306036456e-13
1000,3000,0,adaptive,3.181784079876731e-13,3.181784079876731e-13,600,9.58541906742733,0.6060031000815798,9.995183213512308e-25,9.083648568257102e-05,4.99439134421376e-07,1.9771646454447303e-11,3.181784079876731e-13,3.181784079876731e-13
1000,3000,1,one-cut,2.4734593272067445e-13,2.4734593272067445e-13,672,12.66066006989389,0.2658871000094223,8.946818624909792e-25,0.002226548552011345,7.665971088405115e-05,2.8292990787331837e-10,2.4734593272067445e-13,2.4734593272067445e-13
1000,3000,1,recent,3.147149709387705e-10,5.959439121065968e-11,394,12.66066007020622,0.5401515000849031,8.506634285865289e-10,7.565283904370702e-05,3.175349158177981e-07,3.147149709387705e-10,3.147149709387705e-10,3.147149709387705e-10
1000,3000,1,violated,2.0768873592260545e-16,2.074844480107397e-16,1177,12.660660069893936,0.6225649000843987,7.979727989493314e-16,0.00017484747781901298,1.0310188543218797e-06,4.223512792980539e-11,1.8675390012982427e-15,2.0768873592260545e-16
1000,3000,1,angle,1.3604347489848567e-14,1.3604347489848567e-14,2000,12.660660069893932,0.9237581001507351,4.5518389527900465e-14,0.00016407006283984207,1.8139719858495931e-06,1.1077905743609805e-10,8.808371047404777e-12,1.3604347489848567e-14
1000,3000,1,adaptive,2.391021315733118e-13,2.391021315733118e-13,568,12.660660069893856,0.5989851002159412,8.3604109824047e-25,0.00011017934281646306,9.541003915271579e-07,9.39562016976823e-12,2.391021315733118e-13,2.391021315733118e-13
1000,3000,2,one-cut,2.2794900200611905e-13,2.2794900200611905e-13,503,14.575847837693285,0.239351399752195,8.751938426883993e-25,0.00028962254770204855,1.7410035175743789e-06,7.6511632249641e-13,2.2794900200611905e-13,2.2794900200611905e-13
1000,3000,2,recent,1.5795045354157782e-10,6.22570336266331e-11,288,14.575847837531237,0.5120733001749613,4.6361825489782404e-10,1.3157104977470103e-05,4.4307670720628064e-09,1.5795045354157782e-10,1.5795045354157782e-10,1.5795045354157782e-10
1000,3000,2,violated,9.641617923284079e-17,9.641617923284079e-17,888,14.57584783769332,0.2888096998940455,3.47582703647187e-16,4.120323045909876e-05,5.785812128375813e-08,3.6883357767472415e-13,9.641617923284079e-17,9.641617923284079e-17
1000,3000,2,angle,1.4558358767975794e-16,1.3167866825605984e-16,1326,14.575847837693324,0.6086976000297,2.9043716362858056e-16,5.50094415923768e-05,4.465481600466207e-08,1.1395976192709375e-11,1.3311660874269718e-15,1.4558358767975794e-16
1000,3000,2,adaptive,2.2495664547840615e-13,2.2495664547840615e-13,430,14.575847837693406,0.5124992999262759,8.523736744221659e-25,1.7855920023641168e-05,1.3507780904117871e-08,2.2495664547840615e-13,2.2495664547840615e-13,2.2495664547840615e-13
1000,3000,3,one-cut,2.360869434902267e-13,2.360869434902267e-13,783,15.729375188503482,0.35574379990430316,8.988338346503837e-25,0.00035480578190820537,1.705888451448601e-05,1.6806537457646555e-09,2.360869434902267e-13,2.360869434902267e-13
1000,3000,3,recent,3.0568502368442515e-10,5.968503798893997e-11,407,15.729375188521988,0.5369354999420466,8.686781571842772e-10,8.295068309306372e-05,4.665964742642076e-07,3.0568502368442515e-10,3.0568502368442515e-10,3.0568502368442515e-10
1000,3000,3,violated,1.3086870439823198e-16,1.298648289204663e-16,1434,15.729375188503939,0.6255680999529432,6.449439490667786e-16,0.00012801035766145985,1.3183901867652637e-06,4.769442849368759e-11,4.842485514286176e-15,1.3086870439823198e-16
1000,3000,3,angle,6.423405837623603e-13,6.423405837623603e-13,2000,15.729375188502651,0.9075329998304369,2.360922634816027e-12,0.0002832749609674126,1.4948956019240957e-06,2.276255792219597e-10,3.948086144783075e-11,6.423405837623603e-13
1000,3000,3,adaptive,2.3830520393017675e-13,2.3830520393017675e-13,660,15.729375188503468,0.7799931999688852,9.158040076587244e-25,0.00010113856490835819,1.078156318696509e-06,2.189581007366384e-11,2.3830520393017675e-13,2.3830520393017675e-13
1000,3000,4,one-cut,2.518024960482112e-13,2.518024960482112e-13,686,12.918642016394903,0.24928219992580125,9.855586387724398e-25,0.0009387505445394483,1.3085800020227382e-05,2.1262965620909097e-10,2.518024960482112e-13,2.518024960482112e-13
1000,3000,4,recent,7.050468389635451e-16,7.050468389635451e-16,1642,12.918642016395584,0.5172365998514579,1.942890293094024e-15,2.9465680945658336e-05,5.74535915527864e-08,6.305415875371947e-13,1.9894573423924123e-14,7.050468389635451e-16
1000,3000,4,violated,3.396141103239443e-16,3.3934807841046986e-16,1631,12.918642016395584,0.5880541998994886,1.0151260285336708e-15,7.503321048829242e-05,2.6978960252008693e-07,5.4174087265053683e-11,2.0619055891952913e-13,3.396141103239443e-16
1000,3000,4,angle,9.641599453845725e-17,9.641599453845725e-17,958,12.918642016395584,0.38698899997689296,8.826316686504268e-16,6.482085503037191e-05,2.4318026418499717e-07,4.491663349478176e-12,9.641599453845725e-17,9.641599453845725e-17
1000,3000,4,adaptive,2.510058456432061e-13,2.510058456432061e-13,525,12.918642016394935,0.5663574000718654,9.7934872572654e-25,4.384107551033255e-05,1.375897962371418e-07,1.0179318170634859e-12,2.510058456432061e-13,2.510058456432061e-13
1000,3000,5,one-cut,2.9392038369567943e-13,2.9392038369567943e-13,743,10.355763408731345,0.29607050010963576,9.180573888344882e-25,0.0003888565047834071,9.794763584130507e-06,5.847906114241283e-10,2.9392038369567943e-13,2.9392038369567943e-13
1000,3000,5,recent,4.141969961345199e-10,3.221915978016184e-10,356,10.355763408433212,0.5293950001432677,9.66390495404923e-10,7.13997827889758e-05,4.4197322301240646e-07,4.141969961345199e-10,4.141969961345199e-10,4.141969961345199e-10
1000,3000,5,violated,2.0146589242096163e-16,2.0142183353154715e-16,1580,10.355763408731907,0.6121176001324784,4.786611016937816e-16,0.0001158284500934778,1.7507663140104981e-06,1.0872713340927427e-10,4.714340072490927e-14,2.0146589242096163e-16
1000,3000,5,angle,2.8975754413014095e-12,2.8975754413014095e-12,2000,10.355763408727391,0.9320795999228721,7.490318165791145e-12,0.00015219090188534233,9.896813439861022e-07,2.892440955008494e-10,6.192878584549379e-11,2.8975754413014095e-12
1000,3000,5,adaptive,2.9324311965300153e-13,2.9324311965300153e-13,639,10.355763408731383,0.6312112000596244,9.138669597059542e-25,9.71186540144211e-05,6.895625924544419e-07,1.9201743790326983e-11,2.9324311965300153e-13,2.9324311965300153e-13
1000,3000,6,one-cut,2.5252333746219064e-13,2.5252333746219064e-13,737,14.784563585977981,0.26965570000902517,9.240905970376185e-25,0.0003144726104944133,4.2448707269833795e-06,2.701713960856179e-10,2.5252333746219064e-13,2.5252333746219064e-13
1000,3000,6,recent,1.0591198720317909e-14,1.0591198720317909e-14,2000,14.78456358597824,0.5364727001215215,3.185249438103554e-14,4.4112979304840997e-05,2.6151007962502687e-07,5.086731897417658e-12,6.460752800016378e-13,1.0591198720317909e-14
1000,3000,6,violated,1.4221020321673701e-16,1.3931388203918987e-16,1150,14.784563585978248,0.5935789000577643,5.755111802780388e-16,9.551217954829366e-05,6.532582294458907e-07,2.040909889603509e-11,5.41758004934635e-16,1.4221020321673701e-16
1000,3000,6,angle,2.7733758907436065e-16,2.7733758907436065e-16,1140,14.784563585978248,0.9199663999024779,7.570155163631551e-16,0.00014208173881857984,5.431745179471611e-07,2.3338967705703687e-11,2.697076067935261e-15,2.7733758907436065e-16
1000,3000,6,adaptive,2.5467550718599824e-13,2.5467550718599824e-13,605,14.784563585977885,0.597272500031977,9.39918302239973e-25,8.179346999247562e-05,8.186790313811227e-07,1.0243794732523698e-11,2.5467550718599824e-13,2.5467550718599824e-13
1000,3000,7,one-cut,2.38434943148613e-13,2.38434943148613e-13,1242,18.792719426122414,0.41148860023531597,9.872594228840963e-25,0.0005339874846399881,4.78589668159442e-05,1.376579171605768e-07,2.5062568123408256e-11,2.38434943148613e-13
1000,3000,7,recent,1.316523434736812e-10,6.267179933869974e-11,678,18.792719426070107,0.5726782003112021,3.839243367664835e-10,0.00010574967175751885,3.2492480636941093e-06,1.132853614994768e-09,1.316523434736812e-10,1.316523434736812e-10
1000,3000,7,violated,3.5973663214004366e-15,3.5973663214004366e-15,2000,18.792719426122638,0.6769185999874026,1.332937490116578e-14,0.00019772957329137594,1.1744179730079672e-05,2.7340143048056488e-08,2.5064477277409037e-11,3.5973663214004366e-15
1000,3000,7,angle,3.8719564979625634e-11,3.8719564979625634e-11,2000,18.792719426084176,0.9466239000103087,1.1817183642151735e-10,0.0001851263137629653,1.5250799096254543e-05,3.2533939711164992e-09,1.492626279838414e-10,3.8719564979625634e-11
1000,3000,7,adaptive,2.286509395484114e-13,2.286509395484114e-13,940,18.792719426122417,0.8177615998356487,9.078968603752416e-25,0.00011281108156506731,4.003060719941421e-06,1.3051499673035648e-09,2.286509395484114e-13,2.286509395484114e-13
1000,3000,8,one-cut,2.905051554223034e-13,2.905051554223034e-13,1066,9.78692655589434,0.3107632000173908,9.533478702904554e-25,0.0013096563752774011,5.491800558265968e-05,4.474206508826205e-08,9.410705562224367e-13,2.905051554223034e-13
1000,3000,8,recent,4.617597519247765e-14,4.617597519247765e-14,2000,9.786926555894533,0.5765994999310351,1.177662591937741e-13,0.00020394313579024214,3.975458780908061e-06,4.710710987355073e-10,1.7446000299712383e-10,4.617597519247765e-14
1000,3000,8,violated,9.677626698628263e-14,9.677626698628263e-14,2000,9.786926555894583,0.6653010998634272,1.563372901968135e-13,0.00044141554958179084,1.441737621133382e-05,1.0784185120415127e-08,6.317478905033587e-11,9.677626698628263e-14
1000,3000,8,angle,2.4321226152695365e-15,1.7302290710661843e-15,1999,9.786926555894564,0.925639399960346,4.6169567362950696e-15,0.00035069968161495713,9.714342289675416e-06,2.644714745702979e-09,9.298275451367521e-12,2.4321226152695365e-15
1000,3000,8,adaptive,2.9593293709861885e-13,2.9593293709861885e-13,853,9.786926555894599,0.676291100018716,9.893451711175006e-25,0.0002634465941758813,4.819678406856159e-06,1.4092947154186955e-09,2.9593293709861885e-13,2.9593293709861885e-13
1000,3000,9,one-cut,2.08115170397632e-13,2.08115170397632e-13,942,16.74462635914103,0.27882579994911794,9.505710799040775e-25,0.0017527423974290587,0.00014007439393993673,7.989623997605446e-08,2.08115170397632e-13,2.08115170397632e-13
1000,3000,9,recent,2.7171899814432624e-10,3.034628277086554e-11,613,16.744626359331576,0.5425280000345083,9.182256621720342e-10,4.882436079580866e-05,3.5789172521653846e-07,2.3684778626266724e-10,2.7171899814432624e-10,2.7171899814432624e-10
1000,3000,9,violated,1.8660369791615183e-16,1.7087634624937507e-16,1472,16.744626359141307,0.6100398999042227,1.3500634980182716e-15,0.00012211110742979731,7.113839997454552e-06,1.1649281503290365e-10,1.1339446011189232e-13,1.8660369791615183e-16
1000,3000,9,angle,2.923751883469307e-16,2.9225672885904645e-16,1383,16.744626359141314,0.9777910000848351,1.0515343690632854e-15,8.076268094481384e-05,1.6220003394673303e-06,6.471559194188032e-11,5.206651659511983e-13,2.923751883469307e-16
1000,3000,9,adaptive,2.0625545215291942e-13,2.0625545215291942e-13,642,16.74462635914105,0.6401041999706649,9.337083891940731e-25,6.864667380661321e-05,8.542859193435107e-07,8.95245356410305e-12,2.0625545215291942e-13,2.0625545215291942e-13
1000,3000,10,one-cut,2.7233447327862677e-13,2.7233447327862677e-13,742,12.544537126423016,0.32264219997887267,9.555061937271401e-25,0.0007079556092193257,2.0947170149959004e-05,1.0543696390511572e-09,2.7233447327862677e-13,2.7233447327862677e-13
1000,3000,10,recent,4.306702141778044e-16,4.2058100978798006e-16,1446,12.54453712642371,0.5518664999326575,1.0937950820210114e-15,7.567564560181782e-05,6.909523971780471e-07,2.7204596551199515e-10,1.8210061622405636e-13,4.306702141778044e-16
1000,3000,10,violated,1.969484141062608e-16,1.9640175022462132e-16,1584,12.544537126423709,0.6200092000508448,4.785879409889247e-16,0.0002339045800213739,2.141035278789419e-06,2.0064491654032377e-10,1.176869508443193e-13,1.969484141062608e-16
1000,3000,10,angle,4.3297679009296275e-11,4.3297679009296275e-11,2000,12.544537126313516,0.8698778000034508,1.1338757027813996e-10,0.0001206675770907167,2.115743179275e-06,2.849759510802377e-10,1.5202582636146828e-10,4.3297679009296275e-11
1000,3000,10,adaptive,2.624538939370111e-13,2.624538939370111e-13,635,12.544537126423041,0.6447045999666443,8.874369639374294e-25,0.00011403407508282743,1.393939865715452e-06,2.9586911014461914e-11,2.624538939370111e-13,2.624538939370111e-13
1000,3000,11,one-cut,2.373491632274968e-13,2.373491632274968e-13,1170,12.84727787687497,0.3155907000400475,8.087780653560319e-25,0.0007735278846002843,3.6161339114071556e-05,8.465218989854057e-06,5.092500403065086e-11,2.373491632274968e-13
1000,3000,11,recent,1.946644882346055e-11,1.946644882346055e-11,2000,12.847277876867679,0.7281997997124563,5.822820840348338e-11,0.00013370320412338743,3.101657041327818e-05,1.7399978888779917e-05,9.125604508795616e-06,1.946644882346055e-11
1000,3000,11,violated,1.2058863343352255e-05,5.0089253250828854e-06,1991,12.84729605617154,1.025962899941078,1.3891186495408409e-06,0.00036979322502614576,2.3803354058748793e-05,7.985618356070285e-05,1.1846586357239645e-05,1.2058863343352255e-05
1000,3000,11,angle,1.2079187634779521e-11,9.573766339287801e-12,1995,12.847277876857088,1.0419586998905288,1.603531196714414e-11,0.0002431475441303084,2.2125586608192975e-05,4.96696959160348e-05,9.601618949194569e-06,1.2079187634779521e-11
1000,3000,11,adaptive,2.5351669937905255e-13,2.5351669937905255e-13,1597,12.847277876875285,1.1197399997763569,9.227022018444296e-25,0.00016182941440657175,5.5682476917541097e-05,1.4695053625085484e-05,8.157808541483154e-06,2.5351669937905255e-13
1000,3000,12,one-cut,2.5332851131327213e-13,2.5332851131327213e-13,626,11.754391068981162,0.2393278001836734,8.693688937642474e-25,0.0009149128043263746,1.5263166866003212e-05,2.7597488127825032e-11,2.5332851131327213e-13,2.5332851131327213e-13
1000,3000,12,recent,2.597894610504947e-10,6.762013277284994e-11,382,11.754391069289074,0.49189879991172347,6.921011541649591e-10,3.654391029118207e-05,6.348278234077908e-08,2.597894610504947e-10,2.597894610504947e-10,2.597894610504947e-10
1000,3000,12,violated,2.100309594262965e-16,2.1000588524494088e-16,1085,11.754391068981391,0.5934348998853238,5.015841265906798e-16,9.530767050198641e-05,7.749068330191482e-07,1.1401827089724519e-11,3.8484030713944713e-16,2.100309594262965e-16
1000,3000,12,angle,1.7777305571545986e-16,1.2441161898851657e-16,1026,11.754391068981391,0.7591188003134448,4.445626785469176e-16,0.00010087892917362456,5.693527649389253e-07,1.098889342931386e-11,2.6410207883961816e-16,1.7777305571545986e-16
1000,3000,12,adaptive,2.6173543718970816e-13,2.6173543718970816e-13,508,11.754391068981501,0.5599256999339559,9.279528600295806e-25,4.713755523583624e-05,2.0351563854013832e-07,3.1873411146625057e-13,2.6173543718970816e-13,2.6173543718970816e-13
1000,3000,13,one-cut,3.016053084165304e-13,3.016053084165304e-13,687,9.827210151700765,0.26036469999235123,8.654750763360765e-25,0.000367522393784003,8.229823418929902e-06,2.2292390019606444e-10,3.016053084165304e-13,3.016053084165304e-13
1000,3000,13,recent,2.935918048458229e-10,5.15112455585055e-11,383,9.827210152025044,0.5190250000305241,6.499484284105961e-10,4.0295061246621516e-05,1.6074475670707363e-07,2.935918048458229e-10,2.935918048458229e-10,2.935918048458229e-10
1000,3000,13,violated,9.89180579976042e-17,9.89180579976042e-17,1193,9.827210151700992,0.3897651998922811,1.1862261865335482e-16,8.110954502296662e-05,8.248367974315406e-07,1.7014902046768107e-11,2.736203457567913e-16,9.89180579976042e-17
1000,3000,13,angle,1.2254862180432298e-16,1.0682401401411501e-16,1122,9.827210151700992,0.7430294001242146,1.9201527328000099e-16,0.00011355104777470327,4.726293735083155e-07,1.6394467551717123e-11,2.3738819790550727e-16,1.2254862180432298e-16
1000,3000,13,adaptive,3.1460324020776775e-13,3.1460324020776775e-13,548,9.827210151700811,0.5776437000386068,9.416727288931844e-25,7.543747201688542e-05,4.405526161368135e-07,1.2826127233365578e-12,3.1460324020776775e-13,3.1460324020776775e-13
1000,3000,14,one-cut,2.7965080762201e-13,2.7965080762201e-13,631,10.10911015020387,0.25352230011776555,9.226517147464954e-25,0.0008961021410931318,1.7895326698302983e-05,1.3791250568044395e-10,2.7965080762201e-13,2.7965080762201e-13
1000,3000,14,recent,2.1570284058194723e-10,5.005108296790606e-11,370,10.109110150090729,0.5105575000270619,5.305584305226319e-10,1.6959805516807202e-05,1.0004391246112216e-08,2.1570284058194723e-10,2.1570284058194723e-10,2.1570284058194723e-10
1000,3000,14,violated,9.910265411474388e-17,9.910265411474388e-17,834,10.109110150204053,0.26814159991045017,4.503336797797561e-16,3.8182490902570345e-05,4.088348820505352e-08,4.653650274122155e-13,9.910265411474388e-17,9.910265411474388e-17
1000,3000,14,angle,4.163629160996847e-15,4.163629160996847e-15,2000,10.10911015020405,0.8875198998866836,1.640572338512612e-14,4.716666341720002e-05,4.3215915930652e-08,1.5297206943434154e-10,1.2579016850855049e-11,4.163629160996847e-15
1000,3000,14,adaptive,2.8792882644795916e-13,2.8792882644795916e-13,442,10.109110150203854,0.5475141000351869,9.780865482781863e-25,2.9131147123849242e-05,2.0689516622858124e-08,2.8792882644795916e-13,2.8792882644795916e-13,2.8792882644795916e-13
1000,3000,15,one-cut,2.3070217692702973e-13,2.3070217692702973e-13,612,14.215495775170615,0.2543056000286015,8.430966701767668e-25,0.0003956792645043631,6.918250544735426e-06,2.4185528959770753e-11,2.3070217692702973e-13,2.3070217692702973e-13
1000,3000,15,recent,4.3850197605772044e-10,2.432439209087448e-13,1574,14.215495774072767,0.5341140998716583,6.585859599682314e-10,7.844858063927003e-05,1.852132063083884e-07,2.027999763163888e-11,8.319992778323248e-11,4.3850197605772044e-10
1000,3000,15,violated,1.512027978558749e-16,1.506349153794263e-16,1111,14.215495775171348,0.5820406001730589,6.519698853127221e-16,0.00016788592038270416,4.159711148647597e-07,7.322277359110302e-12,2.0739823952252727e-16,1.512027978558749e-16
1000,3000,15,angle,3.0429917972383414e-15,3.0429917972383414e-15,2000,14.215495775171341,0.9227674999492592,1.2370113318532337e-14,0.000175954068069152,1.3220103246942767e-06,1.4592873405451437e-10,1.290776927854031e-11,3.0429917972383414e-15
1000,3000,15,adaptive,2.2967294598144496e-13,2.2967294598144496e-13,528,14.215495775170542,0.5782123997341841,8.355867143590628e-25,0.00011713061211267543,4.0320404031643076e-07,1.113972940018127e-12,2.2967294598144496e-13,2.2967294598144496e-13
1000,3000,16,one-cut,2.7258003633382307e-13,2.7258003633382307e-13,987,12.945830202491173,0.3741077000158839,9.402464683765449e-25,0.0006105546043019268,7.25152607314989e-05,2.9972474238196125e-08,2.7258003633382307e-13,2.7258003633382307e-13
1000,3000,16,recent,1.8223102027463448e-10,1.3478877434226367e-10,537,12.945830202318561,0.5501262001562282,4.676710685380669e-10,0.00014820256894776564,3.886140428538568e-06,2.4477484895954464e-10,1.8223102027463448e-10,1.8223102027463448e-10
1000,3000,16,violated,5.121632463022519e-13,5.103807063280254e-13,1999,12.945830202490937,0.6330172001980827,1.493820269373657e-12,0.0002593509077466048,8.324850285619639e-06,4.656676859642611e-10,4.126651790194761e-11,5.121632463022519e-13
1000,3000,16,angle,1.2783163477448281e-14,1.011185973649477e-14,1991,12.945830202491372,0.7558895999682136,1.532107773982716e-14,0.0003360261492073218,5.741613499756127e-06,4.245102629854431e-10,1.1162988515089551e-11,1.2783163477448281e-14
1000,3000,16,adaptive,2.6888884998674145e-13,2.6888884998674145e-13,759,12.945830202491013,0.7701755001253332,9.149524323115383e-25,0.00022978526184154997,3.7878870135603457e-06,5.418668569145478e-10,2.6888884998674145e-13,2.6888884998674145e-13
1000,3000,17,one-cut,2.2338526679477234e-13,2.2338526679477234e-13,502,19.137946492225876,0.2736921997493482,9.897238243520067e-25,0.0004527347208095392,2.5820690998832055e-06,2.50226976848143e-13,2.2338526679477234e-13,2.2338526679477234e-13
1000,3000,17,recent,1.6421026853761965e-10,1.6649867647361832e-11,415,19.137946492084932,0.5200517998964642,5.254311430391567e-10,4.898685450418644e-05,2.3610067672216453e-08,1.6421026853761965e-10,1.6421026853761965e-10,1.6421026853761965e-10
1000,3000,17,violated,9.955513922446326e-17,9.955513922446326e-17,900,19.1379464922263,0.2935689998557791,3.1375124955747525e-16,9.341114052348231e-05,1.1174779165031374e-07,2.810047065778517e-13,9.955513922446326e-17,9.955513922446326e-17
1000,3000,17,angle,1.4641994906854763e-16,1.1886931073396203e-16,1000,19.1379464922263,0.7197096999589121,7.522795198426164e-16,7.809877012696487e-05,7.64978092574085e-08,2.5509533729817836e-12,1.1886931073396203e-16,1.4641994906854763e-16
1000,3000,17,adaptive,2.116759431984696e-13,2.116759431984696e-13,461,19.137946492225876,0.6043689000871382,8.886865196112995e-25,7.042847687144172e-05,8.478493212879383e-08,2.116759431984696e-13,2.116759431984696e-13,2.116759431984696e-13
1000,3000,18,one-cut,2.40632970684864e-13,2.40632970684864e-13,561,13.397873700781641,0.24776689995633205,8.671056518271683e-25,0.00041318395600284543,3.0942982516166945e-06,1.0145790344101816e-11,2.40632970684864e-13,2.40632970684864e-13
1000,3000,18,recent,1.167203760071508e-15,1.167203760071508e-15,1869,13.397873700781782,0.5288568000687519,3.3584246494910985e-15,2.8701854113482958e-05,3.206586870529488e-08,1.1856079928802982e-12,1.5933957075633332e-14,1.167203760071508e-15
1000,3000,18,violated,1.3023447421529871e-16,1.3023447421529871e-16,1393,13.39787370078178,0.5738380997863715,5.308593967449971e-16,5.075570027878626e-05,1.5218206759752964e-07,1.373389684057087e-11,1.252060268908477e-15,1.3023447421529871e-16
1000,3000,18,angle,1.2360381390569171e-16,1.2360381390569171e-16,990,13.397873700781782,0.9134277000048314,3.799986040584805e-16,6.941899003872519e-05,2.3058126507714247e-07,4.7470602055150465e-12,1.2360381390569171e-16,1.2360381390569171e-16
1000,3000,18,adaptive,2.559018878300749e-13,2.559018878300749e-13,469,13.397873700781648,0.5788574998878175,9.806361467238607e-25,4.76592658502557e-05,9.338467844250263e-08,2.559018878300749e-13,2.559018878300749e-13,2.559018878300749e-13
1000,3000,19,one-cut,2.2695980414388233e-13,2.2695980414388233e-13,972,16.563767629399692,0.3015419000003021,9.519847186462335e-25,0.0014917595970348732,0.00010270952380959477,1.0111882536846029e-07,2.2695980414388233e-13,2.2695980414388233e-13
1000,3000,19,recent,2.2093415492296623e-14,2.2093415492296623e-14,2000,16.563767629400477,0.5734465002242359,7.761331125767221e-14,0.0001084182130558789,1.9734437396014827e-06,1.6935048261786113e-10,6.488859376875271e-13,2.2093415492296623e-14
1000,3000,19,violated,2.682312434891763e-16,2.682312434891763e-16,1965,16.563767629400534,0.6400288998775068,7.783400934483315e-16,0.00040522061127633443,5.892298170086062e-06,8.503569983245575e-10,1.6061627773500961e-12,2.682312434891763e-16
1000,3000,19,angle,4.0608459361079935e-14,4.0608459361079935e-14,2000,16.56376762940043,0.9649477003404172,1.9176338412965302e-13,0.00030725238975088184,5.402055165770924e-06,2.670147099170429e-10,3.223559093119319e-11,4.0608459361079935e-14
1000,3000,19,adaptive,2.2255994369903474e-13,2.2255994369903474e-13,756,16.56376762939982,0.6783553000495885,9.154320597419127e-25,0.00013396242720729856,3.1615485778331586e-06,8.919801604229801e-11,2.2255994369903474e-13,2.2255994369903474e-13
2000,6000,0,one-cut,1.5964900552716424e-13,1.5964900552716424e-13,1320,38.422610235365056,0.9304774998672656,9.386073140231087e-25,0.0008571031529257124,0.00011189510293973022,3.820995442470661e-07,2.8774487984465494e-11,1.5964900552716424e-13
2000,6000,0,recent,1.8532901470226213e-10,5.955681002630469e-11,837,38.422610235094375,1.073150099880877,8.043591626094582e-10,0.00039967977511560555,1.562934848034386e-05,2.556968517039717e-08,1.8532901470226213e-10,1.8532901470226213e-10
2000,6000,0,violated,1.3924796534326038e-13,1.3924796534326038e-13,2000,38.422610235365134,1.2604369000255247,7.775423186876335e-13,0.0009895283766383786,6.026248943055365e-05,1.8292733297297089e-07,1.0434285046331526e-10,1.3924796534326038e-13
2000,6000,0,angle,7.082818375876981e-12,7.082818375876981e-12,2000,38.422610235345324,1.5601338001870317,3.418422706194427e-11,0.0005893955253760632,3.806205085444988e-05,1.0976656043375646e-07,5.5817909389496114e-11,7.082818375876981e-12
2000,6000,0,adaptive,1.6271929166014977e-13,1.6271929166014977e-13,1153,38.4226102353651,1.364900599954126,9.750573224021377e-25,0.0005014708567966174,2.3909580668664804e-05,1.4859677305342014e-08,2.246902187641501e-12,1.6271929166014977e-13
2000,6000,1,one-cut,1.6004834287672508e-13,1.6004834287672508e-13,765,34.79676984929439,0.567629100078193,9.601383849625979e-25,0.0007779617901547875,1.5761705566814887e-05,4.3760065557227564e-10,1.6004834287672508e-13,1.6004834287672508e-13
2000,6000,1,recent,1.1775857623683656e-14,1.1775857623683656e-14,2000,34.796769849294634,0.9502857002808014,5.80365768863776e-14,8.669876569862842e-05,3.7726229837210274e-07,2.413121196108002e-10,2.132826449323855e-13,1.1775857623683656e-14
2000,6000,1,violated,2.560482613585333e-16,2.225386117699849e-16,1272,34.79676984929465,1.021518400106288,1.2177668449751198e-15,0.0001797120750962156,2.1085817531936624e-06,5.784691904441623e-11,6.3904841677680235e-15,2.560482613585333e-16
2000,6000,1,angle,1.7620228515222337e-16,1.299743000973576e-16,1280,34.796769849294655,1.3056421001747367,1.6941098173068816e-15,0.00021891666055846382,1.6911071568645203e-06,3.95382463983454e-11,1.785761757963866e-15,1.7620228515222337e-16
2000,6000,1,adaptive,1.5912173189695788e-13,1.5912173189695788e-13,660,34.79676984929456,1.08324679989164,9.490564669660531e-25,9.374377954954975e-05,8.564244815850776e-07,3.5527254942073476e-11,1.5912173189695788e-13,1.5912173189695788e-13
2000,6000,2,one-cut,1.565937430617548e-13,1.565937430617548e-13,831,33.77115889641672,0.5375141999757034,9.675852319078842e-25,0.0004571807470586098,2.467355805847019e-05,5.953677057491439e-09,1.565937430617548e-13,1.565937430617548e-13
2000,6000,2,recent,1.7681423665027627e-10,2.206186952620283e-11,550,33.771158896534125,0.9409668998705456,7.993544715034773e-10,7.345850182725362e-05,9.130649066298977e-06,1.4704561655438188e-10,1.7681423665027627e-10,1.7681423665027627e-10
2000,6000,2,violated,2.525068747319524e-16,2.525068747319524e-16,1488,33.77115889641702,1.0990006998326862,7.712974585426793e-16,0.0001512340464060367,1.1123497669527982e-05,3.5795771493142487e-09,1.2836273734576576e-13,2.525068747319524e-16
2000,6000,2,angle,5.66038425016404e-12,5.66038425016404e-12,2000,33.77115889640056,1.4641640998524963,2.7661712089189325e-11,0.00027814654343817944,1.6746965344467868e-05,2.87623834991735e-10,5.5032049232109087e-11,5.66038425016404e-12
2000,6000,2,adaptive,1.5162794782536856e-13,1.5162794782536856e-13,718,33.77115889641684,1.1394420999204158,9.071900410041636e-25,0.00011528957680428485,6.3438520425953835e-06,1.3430015692428324e-10,1.5162794782536856e-13,1.5162794782536856e-13
2000,6000,3,one-cut,1.9638824622705137e-13,1.9638824622705137e-13,911,22.452554298829074,0.5743079998646863,9.669288996347404e-25,0.0008701699529022616,4.13129829207048e-05,8.657172085693636e-09,1.9638824622705137e-13,1.9638824622705137e-13
2000,6000,3,recent,1.620174065263914e-10,2.841963782822819e-11,522,22.452554298793274,0.9783625999407377,5.745489223274447e-10,7.018903165921949e-05,6.841054937298476e-07,1.658780396764549e-10,1.620174065263914e-10,1.620174065263914e-10
2000,6000,3,violated,2.7916725875398474e-16,2.6227271465490804e-16,1520,22.45255429882932,1.0919801000709413,5.098705294732303e-16,0.00023153674989810088,3.7429911403177615e-06,2.6428949729921665e-10,1.94232092735841e-13,2.7916725875398474e-16
2000,6000,3,angle,6.7514604149041504e-15,6.7514604149041504e-15,2000,22.452554298829316,1.4145638000190957,3.602522809496359e-14,0.00022200271131469796,3.6451028372275055e-06,2.4354520118592897e-10,1.876293761631176e-11,6.7514604149041504e-15
2000,6000,3,adaptive,1.9626840894439286e-13,1.9626840894439286e-13,758,22.452554298829163,1.1435574000133784,9.657550746077715e-25,0.0001076915795149182,1.2838642771264843e-06,5.940489218673366e-11,1.9626840894439286e-13,1.9626840894439286e-13
2000,6000,4,one-cut,1.6536024297115311e-13,1.6536024297115311e-13,687,23.01157615337905,0.508459100179607,7.698525128488063e-25,0.0007316766225908269,8.634827369204173e-06,7.511995450808846e-11,1.6536024297115311e-13,1.6536024297115311e-13
2000,6000,4,recent,1.4291111635731049e-15,1.4291111635731049e-15,2000,23.01157615337938,0.9378210001596017,6.517769049456235e-15,4.030389337069492e-05,1.9176542858624798e-07,1.2408519549478782e-11,3.8016620245649535e-13,1.4291111635731049e-15
2000,6000,4,violated,1.6585885487353128e-16,1.653144152818644e-16,1478,23.011576153379384,1.035603100019216,6.380481792600026e-16,0.00010502000148985474,8.127370913243445e-07,3.447080777704188e-11,1.2104744609071728e-14,1.6585885487353128e-16
2000,6000,4,angle,2.0565034818744575e-16,1.5323293252499357e-16,1116,23.011576153379384,1.2720466001410387,8.326672684688679e-17,0.000149390582236528,8.122028263268774e-07,4.710418955224201e-11,9.629477597873582e-16,2.0565034818744575e-16
2000,6000,4,adaptive,1.8578951591937573e-13,1.8578951591937573e-13,598,23.01157615337884,1.0386602999060415,9.718261481343524e-25,6.26916437738112e-05,4.7627673502598527e-07,9.71375041285203e-12,1.8578951591937573e-13,1.8578951591937573e-13
2000,6000,5,one-cut,1.7475544474454547e-13,1.7475544474454547e-13,1185,32.21989232120772,0.6123698998635518,9.215031332684936e-25,0.0007350595828553882,4.1689005641041935e-05,1.1058519308207003e-07,2.4921284305067807e-11,1.7475544474454547e-13
2000,6000,5,recent,8.984633858084402e-13,8.984633858084402e-13,2000,32.219892321205734,1.0502993001573486,3.7380065621672114e-12,0.00017103044006678682,9.63878776594987e-06,8.290067251831945e-10,1.1786716905350418e-11,8.984633858084402e-13
2000,6000,5,violated,4.172067195707504e-16,4.172067195707504e-16,2000,32.21989232120809,1.1676384001038969,1.6732515965527215e-15,0.00027650225024915053,8.379051020127802e-06,2.0295807177869017e-09,4.5092416335615035e-12,4.172067195707504e-16
2000,6000,5,angle,8.092479353731146e-12,8.092479353731146e-12,2000,32.21989232118505,1.5166405000636587,3.2748598370926e-11,0.0003125114248414487,9.43860657616218e-06,4.007480330590805e-09,9.775664111563244e-11,8.092479353731146e-12
2000,6000,5,adaptive,1.738161254039236e-13,1.738161254039236e-13,997,32.21989232120774,1.3042766000362462,9.116202838478848e-25,0.0001838456249696774,7.079646908614561e-06,1.8132894639210046e-09,1.738161254039236e-13,1.738161254039236e-13
2000,6000,6,one-cut,1.8340817167419343e-13,1.8340817167419343e-13,1197,33.23644482346495,0.6956209001291427,9.862149710455837e-25,0.0017586939933585302,0.00011528418504736484,8.054978470238013e-07,5.3409394341159784e-12,1.8340817167419343e-13
2000,6000,6,recent,1.9552469402615826e-10,3.870209837686291e-11,850,33.23644482301567,1.1709379000240006,7.501228527218018e-10,0.00026296916456520353,1.1441011370964387e-05,1.4077667689483152e-08,1.9552469402615826e-10,1.9552469402615826e-10
2000,6000,6,violated,4.5707368170110126e-14,4.5707368170110126e-14,2000,33.23644482346505,1.2404185997947934,2.3671451413099084e-13,0.0005052046857163915,4.8038265997830014e-05,1.6031484479732567e-07,6.789691476129673e-11,4.5707368170110126e-14
2000,6000,6,angle,9.580864392200072e-11,9.580864392200072e-11,2000,33.236444823419866,1.5603579997550696,3.769521255350233e-10,0.00044323546915429435,2.853517226573305e-05,7.370771587219634e-08,1.8077943531797325e-10,9.580864392200072e-11
2000,6000,6,adaptive,1.7957192485147775e-13,1.7957192485147775e-13,1082,33.23644482346487,1.305192900057591,9.454213959147947e-25,0.00048790662260180586,1.88930794521588e-05,2.9753836915002747e-09,7.5848700784029e-13,1.7957192485147775e-13
2000,6000,7,one-cut,1.7664993544382605e-13,1.7664993544382605e-13,961,31.557214261041846,0.6068249000381911,8.402536154743503e-25,0.0007414903824303153,0.0001238191339682918,1.709414799433716e-08,1.7664993544382605e-13,1.7664993544382605e-13
2000,6000,7,recent,2.366382460855973e-10,6.483306272504505e-11,570,31.557214260707624,1.0129693001435953,8.173189208759979e-10,0.00023690892573790493,4.001953985430218e-06,2.3285909706936747e-10,2.366382460855973e-10,2.366382460855973e-10
2000,6000,7,violated,4.0955377938514734e-16,4.0955377938514734e-16,2000,31.557214261042304,1.0908029002675903,1.4169140527167654e-15,0.00039776163324926103,5.520055947381706e-06,3.395465060236078e-10,2.195758551178147e-12,4.0955377938514734e-16
2000,6000,7,angle,4.0478742846077285e-11,4.0478742846077285e-11,2000,31.557214260916716,1.4441263999324292,1.4624189698623205e-10,0.0005328812269805635,1.0874295039558144e-05,6.834787960635661e-10,1.556622446916301e-10,4.0478742846077285e-11
2000,6000,7,adaptive,1.8030723322231365e-13,1.8030723322231365e-13,835,31.557214261041864,1.1352006000597612,8.75395791080136e-25,0.00038468915053117624,9.171006075239401e-06,9.023077853608923e-10,1.8030723322231365e-13,1.8030723322231365e-13
2000,6000,8,one-cut,1.647596428141287e-13,1.647596428141287e-13,946,33.08969063823703,0.5442853999993531,8.805959621673528e-25,0.0004429287173372806,1.0989527716032203e-05,1.01927899445435e-08,1.647596428141287e-13,1.647596428141287e-13
2000,6000,8,recent,2.091237035859708e-13,2.091237035859708e-13,2000,33.08969063823676,0.9251758002501447,9.214616581313629e-13,7.527122245159252e-05,6.814627892933348e-07,1.7507485409301697e-10,3.644478253202307e-12,2.091237035859708e-13
2000,6000,8,violated,3.456323276214993e-16,3.3665811201790183e-16,1999,33.089690638236775,1.0877507000914193,1.3780027199410439e-15,0.00026635388347487474,1.9469955876692644e-06,2.4296380959872354e-10,1.5857995231230481e-12,3.456323276214993e-16
2000,6000,8,angle,3.1670011421081165e-16,2.0961073614488138e-16,1706,33.08969063823676,1.4235185999641544,2.3314683517128287e-15,0.00020805982997580563,2.3821796006443832e-06,1.4825930639103365e-10,2.0097583246053144e-12,3.1670011421081165e-16
2000,6000,8,adaptive,1.7107333313759238e-13,1.7107333313759238e-13,793,33.08969063823696,1.1420943001721753,9.494603637495263e-25,0.00011172744615741014,1.1775875169934267e-06,2.6801405878460515e-10,1.7107333313759238e-13,1.7107333313759238e-13
2000,6000,9,one-cut,2.1121893713775225e-13,2.1121893713775225e-13,832,21.43429198800323,0.5634503001565463,9.823842624898304e-25,0.00035492440020928136,7.952255144809e-06,2.3107879164765058e-09,2.1121893713775225e-13,2.1121893713775225e-13
2000,6000,9,recent,7.36554882172216e-14,7.36554882172216e-14,2000,21.43429198800338,0.968471099899034,2.793623951095924e-13,4.175801198401989e-05,2.9628435202797963e-07,4.1502388616593277e-11,4.339041659788808e-12,7.36554882172216e-14
2000,6000,9,violated,1.0646921165262576e-16,1.0640578980123885e-16,1570,21.434291988003466,1.0759736998516019,4.51454910666369e-16,9.075810001060588e-05,7.735230574771437e-07,1.3386543115469343e-10,3.903218900182115e-14,1.0646921165262576e-16
2000,6000,9,angle,3.670889419682114e-12,3.670889419682114e-12,2000,21.43429198799921,1.4409934000432258,1.4089731400600998e-11,0.0001052383500957013,1.2127960073022854e-06,2.851686399159968e-10,9.542416104404438e-11,3.670889419682114e-12
2000,6000,9,adaptive,2.0168640757390342e-13,2.0168640757390342e-13,735,21.434291988003185,1.1019177001726348,8.957168479986292e-25,6.150317594495431e-05,7.601904891383236e-07,8.100080947753738e-11,2.0168640757390342e-13,2.0168640757390342e-13
2000,6000,10,one-cut,1.9693824282435595e-13,1.9693824282435595e-13,1045,24.10038047774679,0.6011306997243082,9.43098989409824e-25,0.0007208986319295628,3.041456465920955e-05,1.4635733422704303e-08,8.420115995046936e-13,1.9693824282435595e-13
2000,6000,10,recent,9.716926701361598e-13,9.716926701361598e-13,2000,24.10038047774635,0.989534800122783,3.7618437428643125e-12,9.85383949337175e-05,1.323386097129406e-06,1.9682358148423997e-10,2.733182496132063e-11,9.716926701361598e-13
2000,6000,10,violated,2.208012835560052e-16,2.1992138034307517e-16,1894,24.100380477746846,1.1030464000068605,7.845056057317318e-16,0.0002218532779687064,3.8795491893444115e-06,3.5619594194606117e-10,1.014737024360264e-12,2.208012835560052e-16
2000,6000,10,angle,5.93069538471376e-11,5.93069538471376e-11,2000,24.100380477715287,1.47108360020502,2.0861033707618496e-10,0.00013464005555151686,2.887069275917661e-06,3.8807429923839357e-10,1.6618798467646954e-10,5.93069538471376e-11
2000,6000,10,adaptive,1.9022552686686302e-13,1.9022552686686302e-13,878,24.100380477746604,1.2149820000631735,8.798891427962748e-25,0.00012855358309860887,2.6036206149776047e-06,5.339216926866315e-10,1.9022552686686302e-13,1.9022552686686302e-13
2000,6000,11,one-cut,1.720418280076776e-13,1.720418280076776e-13,876,28.243498223848203,0.6041882000790793,8.385528313626938e-25,0.0006854353068951565,1.2972384186699468e-05,3.2543898928310154e-09,1.720418280076776e-13,1.720418280076776e-13
2000,6000,11,recent,2.6547702065936677e-10,3.85350579451244e-11,483,28.243498223893493,0.9352066998908413,9.559203151265905e-10,9.857577259329607e-05,1.0878309064849216e-06,2.6547702065936677e-10,2.6547702065936677e-10,2.6547702065936677e-10
2000,6000,11,violated,1.492584117301324e-16,1.397796362729951e-16,1448,28.243498223848782,1.0416751999946428,5.135914649124203e-16,0.00027226878135451043,2.9595784567588e-06,1.1476158240296199e-10,3.996022172906708e-14,1.492584117301324e-16
2000,6000,11,angle,1.2101132581962616e-16,1.0965316405728011e-16,1988,28.243498223848782,1.2443549000599887,5.003701631543481e-16,0.00029269528443087435,6.742375065219263e-06,3.02114437946163e-10,1.1962138330767529e-12,1.2101132581962616e-16
2000,6000,11,adaptive,1.869758455088449e-13,1.869758455088449e-13,695,28.24349822384815,1.1618010998354293,9.904558872720518e-25,0.00013792177894538497,2.1169103662863307e-06,9.596742998798948e-11,1.869758455088449e-13,1.869758455088449e-13
2000,6000,12,one-cut,1.751741895866841e-13,1.751741895866841e-13,701,28.529663701442956,0.5891625998192467,9.547173328219191e-25,0.00046605794197909474,1.1274637825988002e-05,1.9952662881693014e-10,1.751741895866841e-13,1.751741895866841e-13
2000,6000,12,recent,1.2310357045929237e-10,2.2739257247664313e-11,530,28.529663701199162,0.9807717000512639,4.902538375262111e-10,7.932501656239118e-05,2.2974028219856512e-07,3.008394772332125e-10,1.2310357045929237e-10,1.2310357045929237e-10
2000,6000,12,violated,1.9396611832342638e-16,1.9396611832342638e-16,1351,28.529663701443297,1.0588675002509262,9.024030855086507e-16,0.0003094990390839635,2.1984958455493642e-06,3.626901078702883e-11,2.4453091550593985e-15,1.9396611832342638e-16
2000,6000,12,angle,1.9668532027541462e-16,1.9627321053666818e-16,1395,28.529663701443297,1.411882799831801,1.104923419328296e-15,0.0001662257635871644,1.0618312311150182e-06,3.882812087506774e-11,3.365562780385294e-14,1.9668532027541462e-16
2000,6000,12,adaptive,1.748670861256054e-13,1.748670861256054e-13,570,28.529663701442985,1.099873299972387,9.51372562583782e-25,0.00011658967170656609,5.67961868566191e-07,4.496740741491978e-12,1.748670861256054e-13,1.748670861256054e-13
2000,6000,13,one-cut,1.4263340014653367e-13,1.4263340014653367e-13,1023,46.9076010633055,0.6364136000265717,9.251255825452685e-25,0.0006626928925219855,0.00015778071504697952,2.5667718692795664e-08,2.426383636752348e-13,1.4263340014653367e-13
2000,6000,13,recent,9.442730571686923e-11,5.3988327570919176e-11,558,46.907601063362094,0.9821255000424571,4.464540560161767e-10,0.00019451407928213504,3.00787274080486e-06,2.8477515348174685e-10,9.442730571686923e-11,9.442730571686923e-11
2000,6000,13,violated,1.1687207149305803e-15,1.1171733141903307e-15,1999,46.90760106330529,1.1364180000091437,5.9232081556963865e-15,0.0003778063093687283,1.5521844683391855e-05,1.154744877515611e-09,4.50352092590735e-12,1.1687207149305803e-15
2000,6000,13,angle,2.988294080523398e-11,2.988294080523398e-11,2000,46.907601063268885,1.4719666000601137,1.4763595350599874e-10,0.0003417715722653382,9.545622865391203e-06,1.3041698368477571e-09,1.1457566447724643e-10,2.988294080523398e-11
2000,6000,13,adaptive,1.4354575540351353e-13,1.4354575540351353e-13,897,46.907601063305435,1.1943313999290694,9.370405376577267e-25,0.0002675191727336073,6.102692549915115e-06,6.311644980152932e-10,1.4354575540351353e-13,1.4354575540351353e-13
2000,6000,14,one-cut,1.740107257744412e-13,1.740107257744412e-13,770,26.597887214671257,0.5329121000468149,8.83965975954457e-25,0.0007579294896264389,4.544207010829123e-05,1.183377716140383e-09,1.740107257744412e-13,1.740107257744412e-13
2000,6000,14,recent,4.3410135154689864e-14,4.3410135154689864e-14,2000,26.597887214671452,0.9569082001471543,1.9982343863912554e-13,7.026660380114733e-05,4.963378604300032e-07,1.533209233522484e-11,2.1668275751551616e-12,4.3410135154689864e-14
2000,6000,14,violated,1.249062822175149e-16,1.249062822175149e-16,1656,26.59788721467153,1.0498981000564527,3.408563400096871e-16,0.00017659920925392346,3.2687070382238654e-06,1.0234486781836825e-10,2.6726327841954973e-14,1.249062822175149e-16
2000,6000,14,angle,6.72752546296739e-12,6.72752546296739e-12,2000,26.59788721465928,1.4221403000774444,2.8396745340904254e-11,0.00018495325897892537,1.79656141365417e-06,1.6834060939776124e-10,5.754867920878336e-11,6.72752546296739e-12
2000,6000,14,adaptive,1.8166581897545077e-13,1.8166581897545077e-13,602,26.597887214671097,1.0555341001745546,9.634957769752185e-25,7.21786012613924e-05,1.0884547374019716e-06,4.871167818764863e-12,1.8166581897545077e-13,1.8166581897545077e-13
2000,6000,15,one-cut,4.220944974227891e-11,4.1798514065471483e-11,1953,37.57849520120119,0.7640612001050613,0.0,0.0035049145851755456,0.0006543183909346493,3.730813739698492e-06,4.4262515160908114e-08,4.220944974227891e-11
2000,6000,15,recent,2.014597157535454e-10,1.2566335274102226e-10,1137,37.57849520067736,1.21483739992982,8.287325270472934e-10,0.00012073656866696399,1.5442218775405375e-06,3.242297649376798e-08,3.2190840074181876e-10,2.014597157535454e-10
2000,6000,15,violated,3.222154560488154e-09,3.222154560488154e-09,2000,37.578495206927215,1.4647886000020662,4.965002121770296e-10,0.0006696611571318878,1.4884477047134216e-05,3.445352886971846e-07,2.8470397431003812e-08,3.222154560488154e-09
2000,6000,15,angle,1.1397907489634328e-10,5.892913398608105e-11,1985,37.578495201378686,1.8180483999385615,2.098483909714999e-10,0.0004103137816373554,6.7794524895305145e-06,1.8959533833992992e-07,3.7410731353894e-09,1.1397907489634328e-10
2000,6000,15,adaptive,1.6565429801486345e-12,1.1301391243224217e-12,1995,37.57849520114006,1.7766647998942062,0.0,0.00021503569212282997,2.312128597434343e-06,4.50601360810279e-08,3.352718329943098e-09,1.6565429801486345e-12
2000,6000,16,one-cut,2.1675510558032515e-13,2.1675510558032515e-13,1428,22.87172394182445,0.7648730999135296,9.930181074922097e-25,0.002283917179984341,0.0001475513266871614,4.810864570242544e-07,3.3260293684032835e-10,2.1675510558032515e-13
2000,6000,16,recent,3.085208308251249e-11,3.085208308251249e-11,2000,22.87172394181203,1.1407589000373264,1.045380560086275e-10,0.0001727938935047005,1.2164108491846194e-05,6.506429245542621e-08,1.0974040547129874e-10,3.085208308251249e-11
2000,6000,16,violated,1.486944668262415e-11,1.486944668262415e-11,2000,22.871723941815663,1.399363299991819,5.6436436451504555e-11,0.0004368575384360951,4.690936716884357e-05,8.030644272501754e-07,3.075056835247978e-09,1.486944668262415e-11
2000,6000,16,angle,4.512148856734789e-12,4.512148856734789e-12,2000,22.871723941822736,1.6882087999911164,1.7039375438349148e-11,0.0003728944563169844,2.9646707351426e-05,2.247916367706843e-07,2.6410498819050374e-10,4.512148856734789e-12
2000,6000,16,adaptive,2.1609601394418713e-13,2.1609601394418713e-13,1206,22.87172394182452,1.5065599997979007,9.869848992890794e-25,0.0002960480516783502,2.237725107650198e-05,2.4717491852136135e-08,2.644505817590486e-11,2.1609601394418713e-13
2000,6000,17,one-cut,2.0260546032372634e-13,2.0260546032372634e-13,933,22.423119278984302,0.6227269000373781,8.56942756785206e-25,0.00030580985732279775,2.928191967133599e-05,7.787208946877094e-09,2.0260546032372634e-13,2.0260546032372634e-13
2000,6000,17,recent,2.42171808267644e-10,1.2072351087689646e-10,485,22.423119278894553,0.9777748999476898,7.263550386160667e-10,9.758260779314444e-05,1.9022503271870468e-06,2.42171808267644e-10,2.42171808267644e-10,2.42171808267644e-10
2000,6000,17,violated,1.7816558253432694e-16,1.7597661852110761e-16,1985,22.423119278984466,1.0838089002063498,5.390975616650052e-16,0.00015388145553713026,3.5576709390334692e-06,2.64213779199678e-10,6.13402617026583e-13,1.7816558253432694e-16
2000,6000,17,angle,1.5849264310397834e-16,1.5756308870643826e-16,1783,22.423119278984466,1.4611326003214344,4.1089024690190944e-16,0.0001878930547711176,1.7917773529582085e-06,2.66614361106458e-10,4.0254144199230127e-13,1.5849264310397834e-16
2000,6000,17,adaptive,2.133858090214597e-13,2.133858090214597e-13,781,22.423119278984323,1.2411455999681493,9.50558458129594e-25,0.0001105232284497642,2.1095822646985834e-06,2.7788172101012627e-10,2.133858090214597e-13,2.133858090214597e-13
2000,6000,18,one-cut,1.6290406127971575e-13,1.6290406127971575e-13,749,34.897775227482796,0.5797673999768449,9.673327964182135e-25,0.0007011736497210902,2.5355044427553643e-05,9.718834465272812e-10,1.6290406127971575e-13,1.6290406127971575e-13
2000,6000,18,recent,1.7196882333767338e-13,1.7196882333767338e-13,2000,34.89777522748254,0.9431337001151405,8.676953053915145e-13,8.736254922820699e-05,4.880049739549013e-07,5.214293979233804e-11,7.70360300004814e-12,1.7196882333767338e-13
2000,6000,18,violated,2.1284900435728384e-16,2.1284900435728384e-16,1764,34.89777522748245,1.0481792000791756,8.318712356129265e-16,0.00011828050232786877,1.3848958352236234e-06,7.394459538274863e-11,2.00946614373292e-13,2.1284900435728384e-16
2000,6000,18,angle,1.20669265793097e-13,1.20669265793097e-13,2000,34.89777522748251,1.4555598002261831,8.157226861043824e-13,0.00020556860895401899,4.300820149301994e-06,1.607772174554732e-10,2.13953329074672e-11,1.20669265793097e-13
2000,6000,18,adaptive,1.5499880635963042e-13,1.5499880635963042e-13,626,34.89777522748261,1.0819950998702552,8.757239572167079e-25,0.00012565625816957646,1.107084254533909e-06,1.185936008676021e-11,1.5499880635963042e-13,1.5499880635963042e-13
2000,6000,19,one-cut,1.4661728449344769e-13,1.4661728449344769e-13,1301,36.3768823983407,0.6694501000965829,7.372630911323159e-25,0.0008667374195549813,9.402845630717073e-05,1.1882796903207908e-06,1.0899030040783985e-10,1.4661728449344769e-13
2000,6000,19,recent,3.1717497550951096e-11,3.1717497550951096e-11,2000,36.37688239825292,1.042139099961787,1.3147108862163444e-10,0.00028467421182724146,1.0632593922185708e-05,3.0645620939176655e-09,4.6146634951588757e-11,3.1717497550951096e-11
2000,6000,19,violated,2.387733254562847e-13,2.387733254562847e-13,2000,36.37688239834057,1.1999961000256008,1.1998575606108805e-12,0.0005695136950217677,5.5072985156946e-05,4.494458537541551e-08,1.0882402278867026e-10,2.387733254562847e-13
2000,6000,19,angle,3.1489569173068777e-14,3.1489569173068777e-14,2000,36.376882398341145,1.5040537003878853,1.6654291804274074e-13,0.0005130586118261331,3.429531800768247e-05,2.6066387674690602e-08,3.082087264914723e-11,3.1489569173068777e-14
2000,6000,19,adaptive,1.677799886214794e-13,1.677799886214794e-13,1041,36.37688239834061,1.3431696000916418,9.65414286696716e-25,0.0003808127662664504,1.4618993638175352e-05,7.390362772197767e-09,6.513035671662258e-13,1.677799886214794e-13
4000,12000,0,one-cut,8.250601920282816e-13,8.250601920282816e-13,2000,57.614950598476526,2.082217799666978,0.0,0.0014371706064123912,7.812265065247482e-05,8.264947240008941e-07,7.403437574183532e-09,8.250601920282816e-13
4000,12000,0,recent,1.803229296084664e-10,7.051927659921102e-11,1420,57.6149505979485,2.957413899988751,8.404333895484228e-10,0.00030529858708806394,1.1573214507657948e-05,3.0526534013615575e-07,1.2963427637646615e-09,1.803229296084664e-10
4000,12000,0,violated,2.4340754904053892e-11,2.3679482743584306e-11,1998,57.614950598444395,3.279018800087215,1.1332038478750925e-10,0.00043823078044495287,2.527103240615226e-05,8.35178642045859e-07,1.3074687664508818e-08,2.4340754904053892e-11
4000,12000,0,angle,2.6014206808933073e-11,2.5665514301017722e-11,1999,57.61495059847706,3.538724300073227,1.3118926586939996e-10,0.0004391904597380013,1.8347853468637894e-05,1.2833513709083252e-06,1.2683829628596424e-08,2.6014206808933073e-11
4000,12000,0,adaptive,1.3694774223465394e-13,1.3694774223465394e-13,1859,57.61495059847735,4.164441599918064,9.190040219207534e-25,0.0004003363152395944,2.139232758643069e-05,3.210542641658116e-07,5.540585299337767e-10,1.3694774223465394e-13
4000,12000,1,one-cut,1.0646049478270404e-13,1.0646049478270404e-13,1434,55.48932227685948,1.8757945999677759,6.949044159655684e-25,0.0007983209718074724,5.163779710966059e-05,3.95055549292748e-07,1.9842745408754843e-10,1.0646049478270404e-13
4000,12000,1,recent,1.6418999738023073e-11,1.6418999738023073e-11,2000,55.489322276838486,2.3459942999179475,9.203548281377725e-11,7.677411946470136e-05,2.8569223368892138e-06,7.076647167345916e-09,1.8719919166901602e-11,1.6418999738023073e-11
4000,12000,1,violated,1.9462567810571888e-12,1.9405129242494486e-12,1998,55.48932227685921,2.7057243997624028,1.2563273953482984e-11,0.00018667603270050313,8.064802304622277e-06,6.066843625306563e-08,1.385559746896947e-10,1.9462567810571888e-12
4000,12000,1,angle,9.112015272099174e-14,9.112015272099174e-14,2000,55.489322276859376,2.974138700090407,6.23494750283347e-13,0.00019028865628646744,4.641448337877633e-06,1.8346627211270216e-08,4.596284342464742e-11,9.112015272099174e-14
4000,12000,1,adaptive,1.1744151447496944e-13,1.1744151447496944e-13,1150,55.4893222768594,3.1466368998153484,8.456841339458917e-25,0.00011904528610403038,3.7824880357096206e-06,9.477062169885533e-09,1.0312028054216311e-11,1.1744151447496944e-13
4000,12000,2,one-cut,6.027064464041605e-13,5.236144787822947e-13,1998,67.63470758653452,2.070252500139759,0.0,0.006285472529882672,0.0010767402410363264,2.879769648390689e-05,6.986637688332877e-08,6.027064464041605e-13
4000,12000,2,recent,9.768378960985288e-11,2.9390608682944454e-11,1201,67.63470758643732,2.5392135001602583,5.331467489710917e-10,0.0004827594344469847,1.7504996219928742e-05,5.193638952078793e-08,2.478940460220945e-10,9.768378960985288e-11
4000,12000,2,violated,1.267857554653845e-10,1.267857554653845e-10,2000,67.63470758632192,3.0512348001575447,7.372558689685219e-10,0.0014236992532950835,8.68794263068822e-05,4.3698794825478843e-07,7.009991865490775e-09,1.267857554653845e-10
4000,12000,2,angle,3.1120186046927593e-11,3.1120186046927593e-11,2000,67.63470758647956,3.133042800029216,1.810544269162374e-10,0.0012203126662423565,8.65318902874578e-05,2.556852129601743e-07,1.9270025681856975e-10,3.1120186046927593e-11
4000,12000,2,adaptive,1.2412607282785757e-13,1.2412607282785757e-13,1780,67.634707586536,3.7848685999051668,9.593558349446186e-25,0.0006107627086527345,2.6207972286464517e-05,4.5933190198699536e-08,1.5414715978119576e-10,1.2412607282785757e-13
4000,12000,3,one-cut,1.3603279526402547e-13,1.3603279526402547e-13,1025,53.283666810195605,1.5311003000751953,9.222730615119893e-25,0.0004913829673931552,1.724491308783325e-05,4.2842866487397044e-08,6.120746570455943e-13,1.3603279526402547e-13
4000,12000,3,recent,1.079703287791209e-11,1.079703287791209e-11,2000,53.28366681018609,2.007357599955867,5.5286081074349685e-11,0.00011290555988942609,1.8134428008266242e-06,1.7875587253480502e-10,7.013267807022315e-11,1.079703287791209e-11
4000,12000,3,violated,2.8668423312248204e-16,2.847353083315786e-16,1999,53.28366681019574,2.2496317001714488,1.2798373680952792e-15,0.0001838704418592865,1.1055381585851692e-05,4.863725216871434e-10,1.5835870845286627e-12,2.8668423312248204e-16
4000,12000,3,angle,2.4785588007070644e-16,2.1960547079312377e-16,1793,53.283666810195754,2.671469000117213,7.461209393045103e-16,0.00016119924136909076,6.587173151305103e-06,2.331223961650645e-09,3.3792028295996505e-12,2.4785588007070644e-16
4000,12000,3,adaptive,1.3714361399157393e-13,1.3714361399157393e-13,870,53.283666810195584,2.952757100123563,9.373939473432657e-25,0.00015046171673181304,3.263482767089394e-06,5.308877636121491e-10,1.3714361399157393e-13,1.3714361399157393e-13
4000,12000,4,one-cut,1.2690013503326257e-13,1.2690013503326257e-13,1006,61.569747008933334,1.490180299981148,9.658181834801892e-25,0.000830755848162108,5.905218376744126e-05,1.2313893518316877e-08,1.4729829681189074e-13,1.2690013503326257e-13
4000,12000,4,recent,7.408697890170702e-14,7.408697890170702e-14,2000,61.569747008933845,2.007696299915551,4.608931216817584e-13,0.0001609308132944281,2.1753189919881746e-06,1.207635923256257e-10,1.6758108572710525e-12,7.408697890170702e-14
4000,12000,4,violated,1.6439596419362715e-16,1.6412488594385146e-16,1991,61.569747008934236,2.2076325000307406,9.228136932123925e-16,0.0004071370990050706,1.4230487989023735e-05,1.2830059457400943e-09,3.7409635836055296e-13,1.6439596419362715e-16
4000,12000,4,angle,1.890655208777362e-13,1.890655208777362e-13,2000,61.569747008933206,2.741377799982729,1.4201683545040488e-12,0.00029180240278860983,1.06760828026407e-05,2.608173049040103e-10,1.6629708516127816e-11,1.890655208777362e-13
4000,12000,4,adaptive,1.2327552869216915e-13,1.2327552869216915e-13,813,61.56974700893372,2.642491099963081,9.113930919071811e-25,0.0002086212578732867,4.147238522035023e-06,5.309468903520116e-10,1.2327552869216915e-13,1.2327552869216915e-13
4000,12000,5,one-cut,1.230997401326591e-13,1.230997401326591e-13,1480,74.35924759219517,1.7310014000177034,9.332035182147317e-25,0.0024187741315320798,0.00014025961756244454,9.186819350954432e-07,2.8523383937018825e-10,1.230997401326591e-13
4000,12000,5,recent,1.2299467967420912e-10,9.558777000435183e-11,695,74.35924759147701,2.325620999923558,6.590103462933428e-10,0.00043772303452555434,1.70671354275713e-05,5.60547662426497e-09,1.2299467967420912e-10,1.2299467967420912e-10
4000,12000,5,violated,7.161922939241778e-14,7.041693147471647e-14,1999,74.35924759219559,2.5429650999067235,4.701102228646661e-13,0.000987270460628511,3.9314728777810814e-05,7.91896677335649e-08,4.0242878178522904e-11,7.161922939241778e-14
4000,12000,5,angle,1.4587739851779699e-12,1.3396316143487456e-12,1974,74.35924759219608,2.6497234001071774,3.8159475579391255e-12,0.0008071036944906523,5.263269997546926e-05,5.701600973373885e-08,6.866591550192842e-11,1.4587739851779699e-12
4000,12000,5,adaptive,1.1742354649419616e-13,1.1742354649419616e-13,1168,74.3592475921956,3.1184263999093673,8.490920130564465e-25,0.00044138195914556524,2.3095303219748197e-05,6.16552155329118e-09,1.975481731434052e-12,1.1742354649419616e-13
4000,12000,6,one-cut,1.3476910026609944e-13,1.3476910026609944e-13,837,57.503688601561905,1.3519728000173927,9.713843860274286e-25,0.0005110940336058484,1.4248814733262971e-05,1.343955310678652e-09,1.3476910026609944e-13,1.3476910026609944e-13
4000,12000,6,recent,1.3701030364700974e-10,2.0065090103602524e-11,663,57.503688601339675,2.1282754999847384,6.836425314737937e-10,8.264357440368664e-05,5.817319766515014e-07,1.5484607290202892e-10,1.3701030364700974e-10,1.3701030364700974e-10
4000,12000,6,violated,1.6862677476963936e-16,1.683517008793041e-16,1816,57.503688601562075,2.1749851000786293,8.868546083606456e-16,0.0002331312553957559,2.952075559489931e-06,1.1050226675360833e-10,9.183103499425219e-14,1.6862677476963936e-16
4000,12000,6,angle,1.1113678715916359e-15,1.1113678715916359e-15,2000,57.503688601562075,2.595104500098387,7.142493025901749e-15,0.00025615511829944385,2.668750692716193e-06,1.1789374654265506e-10,1.1524245110056512e-12,1.1113678715916359e-15
4000,12000,6,adaptive,1.3539567012206396e-13,1.3539567012206396e-13,740,57.503688601561734,2.507851899979869,9.804594418810912e-25,0.00011621416727070835,8.520853428815602e-07,3.924302669706458e-11,1.3539567012206396e-13,1.3539567012206396e-13
4000,12000,7,one-cut,1.2588282333039496e-13,1.2588282333039496e-13,1841,54.15180272527715,1.9991757998723187,9.930812163646273e-25,0.0025668669572742673,7.412079772445957e-05,1.6247523044335253e-06,1.8545444642332967e-09,1.2588282333039496e-13
4000,12000,7,recent,7.882830343144475e-11,4.610089795569773e-11,906,54.151802725217095,2.421032299847866,4.4379018515616764e-10,0.0001479109947133568,4.4945908615510186e-06,2.038839894310752e-08,7.882830343144475e-11,7.882830343144475e-11
4000,12000,7,violated,3.545267473891837e-13,3.5006267470716817e-13,1999,54.15180272527614,2.647044499972253,1.6386850330292957e-12,0.0002123230713411646,1.1578935099076325e-05,1.0151064207732626e-07,1.744424129169684e-10,3.545267473891837e-13
4000,12000,7,angle,1.878833643998078e-12,1.878833643998078e-12,2000,54.151802725275516,3.094369399928837,1.0937551685537786e-11,0.0002640330709948901,9.083471277561497e-06,1.2403298934539933e-07,1.4412736975322632e-10,1.878833643998078e-12
4000,12000,7,adaptive,1.2586661628861964e-13,1.2586661628861964e-13,1500,54.15180272527732,3.509867600259895,9.927782937770225e-25,0.0001790897546340565,7.218282464518347e-06,3.577268828976405e-08,7.028364722542042e-11,1.2586661628861964e-13
4000,12000,8,one-cut,1.199280999227289e-13,1.199280999227289e-13,1067,65.48819029528586,1.5361930999715696,9.21137101808471e-25,0.0022747364451669136,4.331335694596985e-05,2.5889169986399926e-08,9.467659706714641e-13,1.199280999227289e-13
4000,12000,8,recent,1.7133528837412003e-10,4.185024518862407e-11,558,65.48819029578411,2.04802599982213,9.744121065580202e-10,0.00010788326994137769,1.6662197423607434e-06,2.165470535563365e-10,1.7133528837412003e-10,1.7133528837412003e-10
4000,12000,8,violated,5.160438906706055e-16,5.160438906706055e-16,2000,65.48819029528616,2.2531806999686523,2.6543072674013435e-15,0.00021604487679952535,6.080803925512448e-06,2.3724642912807736e-09,3.5768559542463747e-12,5.160438906706055e-16
4000,12000,8,angle,3.0386389909239434e-16,1.7394883419188597e-16,1839,65.48819029528616,2.5991756998482742,2.7755575615628914e-15,0.0001781739002922,5.2201462322604205e-06,1.1799611566508987e-09,8.4291702593044e-13,3.0386389909239434e-16
4000,12000,8,adaptive,1.1861280426282923e-13,1.1861280426282923e-13,846,65.4881902952858,2.689173000137089,9.01030615056198e-25,0.00015048943844326026,1.8770384901547305e-06,7.783020908122564e-10,1.1861280426282923e-13,1.1861280426282923e-13
4000,12000,9,one-cut,1.210267939216225e-13,1.210267939216225e-13,1439,75.90873794778136,1.6838233998860233,9.842964613240862e-25,0.0008606000817566836,0.00015382037558340925,7.044864985390736e-07,1.4858252185773524e-10,1.210267939216225e-13
4000,12000,9,recent,8.267443320182058e-12,8.267443320182058e-12,2000,75.90873794778071,2.245962000102736,5.021084994432568e-11,0.00031702370322587206,1.3377106790524414e-05,5.2991173465026e-09,2.7243038933713404e-11,8.267443320182058e-12
4000,12000,9,violated,1.0342288467351287e-12,1.0340584611057209e-12,1999,75.90873794778085,2.4852908999600913,7.233223872355106e-12,0.0007453578922381322,5.190162666187529e-05,9.393226902635582e-08,1.5093169078588762e-10,1.0342288467351287e-12
4000,12000,9,angle,1.5445736777591093e-11,1.5445736777591093e-11,2000,75.90873794777963,2.9874117002182174,9.619346437096925e-11,0.0006202468827368454,2.9112860082562007e-05,9.500107091086837e-08,1.1672849740826983e-10,1.5445736777591093e-11
4000,12000,9,adaptive,1.126468129841854e-13,1.126468129841854e-13,1150,75.90873794778119,2.979964900019695,8.52727084107705e-25,0.00044803077287722704,1.9556293385210468e-05,4.75102433940393e-09,1.046407222366505e-12,1.126468129841854e-13
4000,12000,10,one-cut,1.3250843898786696e-13,1.3250843898786696e-13,1179,49.736782620276344,1.5455552998973872,9.38176497361245e-25,0.0017000378025223552,5.670842836796326e-05,2.494360916330388e-07,3.4370274612212948e-12,1.3250843898786696e-13
4000,12000,10,recent,5.568859225070872e-14,5.568859225070872e-14,2000,49.7367826202765,2.1542253000225173,3.194297245902125e-13,9.317814095446195e-05,3.069453776027262e-06,4.2147208461804007e-10,1.9533692109810865e-12,5.568859225070872e-14
4000,12000,10,violated,6.11654555906945e-13,5.347039837434277e-13,1970,49.7367826202771,2.3833411999221426,2.8360981849803555e-12,0.00033354866786662396,8.169541163930832e-06,1.0565410308948214e-08,7.530080069499016e-11,6.11654555906945e-13
4000,12000,10,angle,2.5452747820890843e-13,2.5452747820890843e-13,2000,49.736782620276244,2.8085235997714335,1.504377172876087e-12,0.00024203268712819892,7.0265971986518605e-06,2.4054841688013876e-09,2.99816088660197e-11,2.5452747820890843e-13
4000,12000,10,adaptive,1.335920557106593e-13,1.335920557106593e-13,976,49.73678262027651,2.8044579000925296,9.536003057801261e-25,0.00011525373725848568,4.118325102802247e-06,4.186343555940146e-09,1.335920557106593e-13,1.335920557106593e-13
4000,12000,11,one-cut,1.4169196683606027e-13,1.4169196683606027e-13,1156,45.24009085248817,1.5558116002794122,9.934598695991334e-25,0.0006703190182101003,2.5415325875919368e-05,5.974924203027427e-08,4.528651282194009e-12,1.4169196683606027e-13
4000,12000,11,recent,1.4092420099969092e-10,1.6623177860298412e-11,830,45.2400908522623,2.106711599830305,7.033650328835961e-10,7.77224477402276e-05,1.5072826235035326e-06,2.633105601485011e-10,1.4092420099969092e-10,1.4092420099969092e-10
4000,12000,11,violated,2.0937071660811954e-15,2.0937071660811954e-15,2000,45.240090852488414,2.2744670000174665,1.2610514821917168e-14,0.00019774105656386774,3.504655085028315e-06,2.4695538253523004e-09,8.156069090068357e-12,2.0937071660811954e-15
4000,12000,11,angle,1.4172366533130986e-16,1.3491905954374664e-16,1994,45.24009085248842,2.6546203999751015,8.98156684515007e-16,0.00012458648532775345,3.6937710584881e-06,9.311962126768543e-10,1.2965311413794989e-12,1.4172366533130986e-16
4000,12000,11,adaptive,1.3919159489738e-13,1.3919159489738e-13,915,45.24009085248818,2.810699899913743,9.586995026714748e-25,9.612682687550103e-05,3.0684269835945962e-06,5.725911337282966e-10,1.3919159489738e-13,1.3919159489738e-13
4000,12000,12,one-cut,1.3312648908796766e-13,1.3312648908796766e-13,1155,53.192521434914326,1.5564472002733964,9.296189342614074e-25,0.0017515064607588164,0.00015412674373282894,3.9780207038021294e-07,4.464462772731712e-12,1.3312648908796766e-13
4000,12000,12,recent,1.2314661770420265e-10,4.096252677447308e-11,702,53.192521434697284,2.076418000164267,6.242287797775248e-10,0.0002836278805267485,1.573630862342552e-05,6.520471272464548e-10,1.2314661770420265e-10,1.2314661770420265e-10
4000,12000,12,violated,3.1695500648718394e-16,3.0434415887528415e-16,1999,53.19252143491418,2.3212622001301497,1.410133237604476e-15,0.0003481922531618503,4.4135002049452605e-05,7.671970132496773e-09,3.4512008652303384e-12,3.1695500648718394e-16
4000,12000,12,angle,2.355913510365862e-11,2.355913510365862e-11,2000,53.19252143489389,2.960780899862584,1.2483684879927283e-10,0.00045624884337624853,4.3810478484758755e-05,7.2826820747079736e-09,9.739598646551001e-11,2.355913510365862e-11
4000,12000,12,adaptive,1.297623521660447e-13,1.297623521660447e-13,1010,53.19252143491411,2.960257799983083,8.832212912599284e-25,0.00039703136659351737,2.4253618260254458e-05,9.692564886090956e-09,1.5197291309966717e-13,1.297623521660447e-13
4000,12000,13,one-cut,1.2795790476155278e-13,1.2795790476155278e-13,1070,58.965017409245775,1.5273653999174712,8.539640180070915e-25,0.0009061850561467045,7.294669748538152e-05,2.236504402861045e-07,1.6147243619448763e-12,1.2795790476155278e-13
4000,12000,13,recent,2.3180041117238918e-11,2.3180041117238918e-11,2000,58.965017409273116,2.07486620004056,1.2309887899814742e-10,0.00022233058432520033,7.997288035194491e-06,4.064596870433518e-10,8.0319435474003e-11,2.3180041117238918e-11
4000,12000,13,violated,2.662669695717037e-15,2.570858067700835e-15,1999,58.965017409245476,2.290051800177025,1.673087915832207e-14,0.0007552003875938144,3.69322900756804e-05,1.4880234987278113e-08,1.0552624843122659e-11,2.662669695717037e-15
4000,12000,13,angle,6.91534798192725e-12,6.91534798192725e-12,2000,58.965017409257065,2.736807999863231,3.7926170545774716e-11,0.00041700200692417134,3.193660670485615e-05,6.749646811447244e-09,7.29386982950384e-11,6.91534798192725e-12
4000,12000,13,adaptive,1.3688710561323002e-13,1.3688710561323002e-13,863,58.96501740924567,2.5817388000141364,9.773039982602071e-25,0.00032035599181651914,1.2988635421116923e-05,1.4290420822239783e-09,1.3688710561323002e-13,1.3688710561323002e-13
4000,12000,14,one-cut,1.3911251685620893e-13,1.3911251685620893e-13,1292,54.15448864090871,1.617233200078772,9.815196709377082e-25,0.0013231111996614188,7.390584199103381e-05,3.423205303532792e-07,1.8075162265058756e-11,1.3911251685620893e-13
4000,12000,14,recent,1.5394569879989227e-11,1.5394569879989227e-11,2000,54.15448864088626,2.312598100164905,8.03713149821023e-11,0.00020599011365500663,9.131838901455624e-06,1.86397212026197e-08,4.569314125869266e-11,1.5394569879989227e-11
4000,12000,14,violated,9.735531960063391e-13,9.735531960063391e-13,2000,54.154488640906635,2.670649100014998,5.984094947702861e-12,0.0005107052113669632,1.4777605400877608e-05,3.7215696935115544e-07,1.3513175227824283e-10,9.735531960063391e-13
4000,12000,14,angle,4.601288358914203e-13,4.601288358914203e-13,2000,54.15448864090815,3.1515027999630547,2.69404562753241e-12,0.0003271929214914821,1.468435620098468e-05,1.7390428423338936e-07,1.0834428527475631e-10,4.601288358914203e-13
4000,12000,14,adaptive,1.3360972162167214e-13,1.3360972162167214e-13,1113,54.15448864090884,3.0621163999749115,9.05435614350952e-25,0.00032001836810613106,8.920661317816263e-06,1.3991372299066837e-08,1.6423440883809514e-12,1.3360972162167214e-13
4000,12000,15,one-cut,1.1453660856412982e-13,1.1453660856412982e-13,1972,83.60342998577676,2.255224899876339,0.0,0.001643556624566598,0.0001597497748287924,4.46834544823425e-06,8.352176865906703e-09,1.1453660856412982e-13
4000,12000,15,recent,8.362545755701238e-11,7.018046973816078e-11,1342,83.60342998567653,2.8316424001022824,5.012365739479052e-10,0.0003463574501750311,3.760883797350194e-05,1.5259823279143293e-06,2.2460019390853726e-09,8.362545755701238e-11
4000,12000,15,violated,7.72182744476171e-11,7.72182744476171e-11,2000,83.60342998553557,3.5045104000600986,5.080107580319993e-10,0.0005358326436935106,9.019125459072643e-05,4.74348129146999e-06,1.232788914079094e-07,7.72182744476171e-11
4000,12000,15,angle,9.083728713108975e-11,9.083728713108975e-11,2000,83.60342998547466,3.6667415998890647,5.604478220492638e-10,0.0005304387193270622,5.2712904731807585e-05,2.092207360704069e-06,1.2340956894294732e-08,9.083728713108975e-11
4000,12000,15,adaptive,1.0980257768645495e-13,1.0980257768645495e-13,1851,83.60342998577678,4.372059099878243,8.978499278863468e-25,0.000506486713862636,5.9217717788423194e-05,1.1236442714343503e-06,7.638817103480913e-10,1.0980257768645495e-13
4000,12000,16,one-cut,1.3231746733681778e-13,1.3231746733681778e-13,1117,56.19034360489471,1.5438069000083487,9.1028237575263e-25,0.000978262857175354,4.308855746197841e-05,6.181245545311631e-08,1.1227178562639824e-12,1.3231746733681778e-13
4000,12000,16,recent,9.030936736126795e-13,9.030936736126795e-13,2000,56.19034360489271,2.110811000005924,5.0042345458855356e-12,0.00024841612712931917,4.865544943805702e-06,3.342455672432019e-10,8.720161387437546e-12,9.030936736126795e-13
4000,12000,16,violated,5.182304621473388e-16,5.015240349144718e-16,1998,56.19034360489475,2.3428058998761117,2.6543874712854668e-15,0.0005008715313063369,1.389221614616447e-05,3.751448747783045e-09,3.828782343413755e-12,5.182304621473388e-16
4000,12000,16,angle,1.679740743980651e-11,1.679740743980651e-11,2000,56.19034360485139,2.8202074001092114,8.978212990334989e-11,0.0005003224169708846,1.0252521787215953e-05,2.488144298647877e-09,9.644327566747371e-11,1.679740743980651e-11
4000,12000,16,adaptive,1.3372845119329456e-13,1.3372845119329456e-13,907,56.190343604894466,2.729603999898245,9.297514628934845e-25,0.00028606144599256465,7.666002050762288e-06,9.518147480760574e-10,1.3372845119329456e-13,1.3372845119329456e-13
4000,12000,17,one-cut,1.467925232692e-13,1.467925232692e-13,1200,53.39524877151894,1.7386447000899352,9.922229356997469e-25,0.0006901424648171634,5.639706747924325e-05,1.0275534004445136e-07,5.110791041300833e-12,1.467925232692e-13
4000,12000,17,recent,3.214278969539829e-13,3.214278969539829e-13,2000,53.39524877151826,2.1147735998456483,1.6415459022441197e-12,0.00021999250173018815,4.228331447831012e-06,5.749903130077398e-10,5.768109906665382e-12,3.214278969539829e-13
4000,12000,17,violated,3.0166232789612663e-16,3.0135866643053794e-16,1996,53.39524877151949,2.19437040000048,1.2490756002786452e-15,0.00038861752731439534,8.243604304418804e-06,1.898491188355514e-09,2.9675493562616912e-12,3.0166232789612663e-16
4000,12000,17,angle,7.433262814974064e-16,7.433262814974064e-16,2000,53.39524877151949,2.719835600008082,3.457068905206186e-15,0.00027586997849347487,8.26307673839904e-06,1.021870507524717e-09,1.0521115723346007e-11,7.433262814974064e-16
4000,12000,17,adaptive,1.3804693976940089e-13,1.3804693976940089e-13,899,53.39524877151881,2.7648734998729196,8.774657620954359e-25,0.0003669609716213204,7.326614255075464e-06,1.112389324840061e-09,1.3804693976940089e-13,1.3804693976940089e-13
4000,12000,18,one-cut,1.2935927897332047e-13,1.2935927897332047e-13,1373,60.84157984017304,1.7422678998846095,8.874622074863965e-25,0.0013365331126479693,0.00039219375860028485,5.706426185218589e-07,4.827648086606995e-11,1.2935927897332047e-13
4000,12000,18,recent,1.7799560832593527e-10,1.669721652202811e-11,805,60.841579840589375,2.2302917998240446,9.232762887556589e-10,0.00039820756809517515,1.6723527510446923e-05,2.9517445669789286e-09,1.7799560832593527e-10,1.7799560832593527e-10
4000,12000,18,violated,8.592424660472488e-15,8.390507122677536e-15,1998,60.84157984017375,2.491743300037342,5.2986782037222164e-14,0.0005796071227554574,2.8704222746023312e-05,4.935343573273332e-08,7.942656610375887e-11,8.592424660472488e-15
4000,12000,18,angle,6.066902539980194e-12,6.066902539980194e-12,2000,60.84157984012364,2.959564099815907,3.3951188681486536e-11,0.0006926126612561535,4.812520496851619e-05,4.159776802300645e-08,8.367748928577672e-11,6.066902539980194e-12
4000,12000,18,adaptive,1.353569547386959e-13,1.353569547386959e-13,1070,60.841579840173026,2.841157699978794,9.7167468684055e-25,0.0003791967288970014,1.667151791386764e-05,1.2457952952936293e-08,5.049197957199515e-13,1.353569547386959e-13
4000,12000,19,one-cut,1.2610124702434084e-13,1.2610124702434084e-13,1256,57.41185899871769,1.5978971001313766,9.593558349446186e-25,0.002110433356400028,7.688380055867003e-05,2.391353059291908e-06,1.844121696648507e-11,1.2610124702434084e-13
4000,12000,19,recent,9.672619147013149e-11,6.239572638489862e-11,666,57.41185899875798,2.1710346000254503,5.313756656910584e-10,0.00018512353814425286,7.758766119767685e-05,7.713506222915127e-09,9.672619147013149e-11,9.672619147013149e-11
4000,12000,19,violated,3.9643693414715917e-16,3.361094274988594e-16,1999,57.41185899871768,2.4398429000139004,1.5875566091553169e-15,0.0004589395557920598,7.710935242503358e-05,5.288837366616225e-07,1.5223190328295064e-11,3.9643693414715917e-16
4000,12000,19,angle,1.4178868397178751e-12,1.4178868397178751e-12,2000,57.41185899871796,2.909154599867179,8.543485305929403e-12,0.00038065143351614786,7.689719633351579e-05,7.289100122351217e-08,6.096636606338666e-11,1.4178868397178751e-12
4000,12000,19,adaptive,1.282006875883037e-13,1.282006875883037e-13,1010,57.41185899871762,2.950416799962113,9.91566603426603e-25,0.00028159733058740323,0.00014184130274934792,1.1672959732039152e-08,1.4569734513140074e-13,1.282006875883037e-13
