m,n,method,instances,final_residual_q1,final_residual_median,final_residual_q3,objective_q1,objective_median,objective_q3,core_time_q1_s,core_time_median_s,core_time_q3_s,best_residual_median,best_iteration_median,tail100_pgn_median,residual_100_median,residual_200_median,residual_500_median,residual_1000_median,residual_2000_median
1000,3000,one-cut,20,2.3474075184942746e-13,2.495742143844428e-13,2.7239586404242584e-13,11.404734153918708,12.93223610944304,15.020766486609357,0.2541097750508925,0.2762589998492331,0.31197007502305496,2.495742143844428e-13,733.0,9.203545517904918e-25,0.0005722710444709574,1.6161025690244613e-05,4.338602596487233e-10,2.529259243877314e-13,2.495742143844428e-13
1000,3000,recent,20,4.015533526743239e-14,1.7322064440612705e-10,2.9661510955547344e-10,11.404734154075108,12.932236109357072,15.020766486614178,0.5197950999299792,0.536704100031784,0.5523921749481815,4.01986828693858e-11,575.0,4.965511057886118e-10,6.720617335079302e-05,2.895224977214125e-07,2.5228215500501966e-10,1.7834551163587916e-10,1.7322064440612705e-10
1000,3000,violated,20,1.3071014685249866e-16,1.992071532636112e-16,2.886048180502015e-16,11.40473415391902,12.93223610944326,15.02076648660967,0.579989975076387,0.6081824500797666,0.627430375014228,1.9891179187808423e-16,1431.0,6.44575099079226e-16,0.00012275792131419188,9.279278258767101e-07,5.093425787937064e-11,1.48075680208752e-14,1.992071532636112e-16
1000,3000,angle,20,1.699347790537318e-16,3.603310479117594e-15,2.403241357358635e-13,11.404734153917891,12.932236109443478,15.020766486609348,0.758311500227137,0.9166970499536546,0.9339125999831595,3.603310479117594e-15,1997.0,1.3845595529179749e-14,0.00014291013697910544,1.24003381208854e-06,1.4945040174442797e-10,1.0230631983228536e-11,3.603310479117594e-15
1000,3000,adaptive,20,2.2941744437318657e-13,2.5409610328252537e-13,2.7364884410204587e-13,11.404734153918971,12.932236109442975,15.020766486609281,0.5780702248102898,0.605186000084359,0.6768071500264341,2.5409610328252537e-13,602.5,9.19253104751577e-25,9.397756984849605e-05,7.541208119177823e-07,9.819707451145964e-12,2.552886975080366e-13,2.5409610328252537e-13
2000,6000,one-cut,20,1.6219013167896808e-13,1.7438308525949334e-13,1.9652574537637753e-13,23.828179396654853,31.888553291124786,34.82202119384149,0.5665844000977813,0.6026594499016937,0.6446727250440745,1.7438308525949334e-13,939.5,9.318664482841886e-25,0.0007333681027231076,3.586377378995718e-05,9.42498101511857e-09,1.9949685327538886e-13,1.7438308525949334e-13
2000,6000,recent,20,1.9983498352389645e-13,6.307240163391016e-11,1.8787793453323618e-10,23.828179396654605,31.88855329095668,34.82202119384161,0.9484977002393862,0.9795671499960008,1.0441791500106774,2.557944753794625e-11,1568.5,2.889625723189056e-10,9.806050136343096e-05,1.4338039873349718e-06,2.4174196393922214e-10,1.0208385559408399e-10,6.307240163391016e-11
2000,6000,violated,20,1.9001598437615153e-16,2.6760776005625903e-16,1.2303382578725468e-14,23.82817939665498,31.8885532911252,34.8220211938416,1.0566251502023079,1.0913915001692658,1.1757278250843228,2.5738979469343023e-16,1939.5,1.0600849652418852e-15,0.0002693113324146926,3.8112701648310867e-06,3.0191800166141223e-10,8.140698206934235e-13,2.6760776005625903e-16
2000,6000,angle,20,2.8893767270497017e-16,4.091519138208452e-12,1.3540094716606855e-11,23.828179396631313,31.888553291050883,34.82202119384162,1.4202461750628572,1.4583462002738088,1.5072004003068287,4.091519138208452e-12,2000.0,1.5564553419475073e-11,0.0002500746273764387,5.521597607260629e-06,2.94869136468949e-10,5.54249793108026e-11,4.091519138208452e-12
2000,6000,adaptive,20,1.6651481438114701e-13,1.799395790368957e-13,1.9173624738624548e-13,23.82817939665466,31.8885532911248,34.82202119384158,1.1014066001225729,1.1526792499244038,1.3045056750415824,1.799395790368957e-13,787.0,9.492584153577897e-25,0.00012710492063409268,2.214519481860337e-06,2.729478898973657e-10,1.8638268071411032e-13,1.799395790368957e-13
4000,12000,one-cut,20,1.25187052530961e-13,1.308383731550691e-13,1.3680272566207133e-13,53.9626642368376,57.4577738001398,62.549357830521465,1.541903449999154,1.6075651501050743,1.775649574905401,1.308383731550691e-13,1228.0,9.314112262380695e-25,0.001329822156154694,7.342626973820767e-05,3.686880398230136e-07,1.1592976653179795e-11,1.308383731550691e-13
4000,12000,recent,20,1.0164635488479582e-11,8.122688049422857e-11,1.2661253918990442e-10,53.962664236792385,57.45777380004883,62.549357830646414,2.0991381999137957,2.162629950023984,2.3307143249221554,1.8381153312815318e-11,1381.0,4.725133795520364e-10,0.0002129913076925974,6.431416489500097e-06,1.8018958471126918e-09,8.852281347206724e-11,8.122688049422857e-11
4000,12000,violated,20,3.7656645223216537e-16,5.627547178094762e-15,9.887221086885366e-13,53.96266423683698,57.457773800139876,62.54935783052222,2.269145425005263,2.4115920499680215,2.6529456499829394,5.4806825951891855e-15,1999.0,3.4858830597772116e-14,0.00042268393972501176,1.4504046694950671e-05,3.211683536000572e-08,2.7733034253408982e-11,5.627547178094762e-15
4000,12000,angle,20,6.861795650864171e-14,1.4383304124479226e-12,1.5783654443144945e-11,53.96266423683651,57.45777380014002,62.549357830521444,2.707743950035365,2.8646809999881953,3.0141511251458724,1.3787592270333103e-12,2000.0,6.179716431934264e-12,0.000353922177503815,1.2680219501812689e-05,1.2814654642989094e-08,7.08023068984834e-11,1.4383304124479226e-12
4000,12000,adaptive,20,1.2210984758483417e-13,1.31677203938352e-13,1.3576852899485548e-13,53.962664236837696,57.45777380013968,62.54935783052174,2.756056124879251,2.951586950042838,3.1254790248858626,1.31677203938352e-13,1010.0,9.24377742407119e-25,0.00030303990704934786,8.293331684289275e-06,5.458272946347554e-09,1.4883512911553396e-13,1.31677203938352e-13
